turned,useless
not,twist,light,turned,useless,impossible,to
not,twist,light,turned,broke,useless,impossible,to
not,twist,light,turned,broke,useless,impossible,to
not,twist,light,turned,broke,useless,su,3,impossible,to
poor,is,3,not,twist,light,.,broke,useless,impossible,didn,to,plastic,turned,away,',su,it,contain
poor,is,3,not,twist,light,apart,.,broke,useless,impossible,uneven,waste,didn,to,plastic,turned,away,',su,it,contain
poor,is,3,disappointed,not,twist,light,apart,.,broke,useless,impossible,uneven,waste,didn,to,plastic,turned,away,',su,it,contain
poor,suggests,is,3,disappointed,busted,not,twist,light,apart,.,broke,useless,impossible,uneven,waste,didn,to,plastic,turned,away,',su,it,contain
poor,suggests,3,disappointed,busted,not,angled,trash,out,twist,light,apart,broke,useless,impossible,uneven,waste,didn,plastic,turned,away,',su,much,contain
poor,suggests,3,disappointed,busted,not,angled,trash,out,twist,light,apart,broke,useless,impossible,uneven,waste,didn,plastic,turned,away,',su,much,contain
poor,suggests,3,disappointed,busted,not,angled,trash,out,twist,light,apart,broke,useless,impossible,uneven,waste,didn,plastic,pants,turned,were,su,much,contain
poor,suggests,inadequate,3,disappointed,busted,not,angled,trash,out,twist,light,apart,broke,useless,impossible,uneven,waste,didn,plastic,pants,turned,su,much,contain
poor,suggests,inadequate,3,disappointed,busted,not,angled,trash,out,twist,light,apart,broke,useless,impossible,uneven,waste,didn,plastic,pants,turned,su,much,contain
poor,suggests,inadequate,3,disappointed,busted,not,angled,trash,out,twist,light,apart,broke,useless,impossible,uneven,waste,didn,plastic,pants,turned,su,much,contain
poor,suggests,inadequate,3,disappointed,busted,not,angled,trash,out,twist,light,apart,broke,useless,impossible,uneven,waste,didn,plastic,pants,turned,su,much,contain
poor,suggests,3,disappointed,busted,not,angled,trash,out,twist,light,apart,broke,useless,impossible,uneven,waste,didn,to,plastic,pants,turned,su,much,contain
poor,suggests,3,disappointed,busted,not,angled,trash,out,twist,light,apart,broke,useless,impossible,uneven,waste,didn,to,plastic,pants,turned,su,much,contain
poor,suggests,3,disappointed,busted,not,angled,trash,out,twist,light,apart,broke,useless,impossible,uneven,waste,didn,to,plastic,pants,turned,su,much,contain
poor,suggests,3,disappointed,busted,not,angled,trash,out,twist,light,apart,broke,useless,impossible,uneven,waste,didn,to,plastic,pants,turned,su,much,contain
poor,suggests,3,disappointed,busted,not,angled,trash,out,twist,light,apart,broke,useless,impossible,uneven,waste,didn,to,plastic,pants,turned,su,much,contain
poor,suggests,3,disappointed,busted,not,angled,trash,out,twist,light,apart,broke,useless,impossible,uneven,waste,didn,to,plastic,pants,turned,su,much,contain
poor,suggests,3,disappointed,busted,not,angled,trash,out,twist,light,apart,broke,useless,impossible,uneven,waste,didn,to,plastic,pants,turned,su,much,contain
poor,suggests,3,disappointed,busted,not,angled,trash,out,twist,light,apart,broke,useless,impossible,uneven,waste,didn,to,plastic,pants,turned,su,much,contain
poor,without,is,3,disappointed,busted,not,angled,trash,out,twist,apart,.,broke,useless,impossible,uneven,waste,didn,plastic,pants,turned,su,much,contain
poor,without,is,3,disappointed,busted,not,angled,trash,out,twist,apart,.,broke,useless,impossible,uneven,waste,garbage,plastic,pants,turned,su,much,contain
poor,without,is,3,disappointed,busted,not,angled,trash,out,twist,apart,.,broke,useless,impossible,uneven,waste,garbage,plastic,pants,turned,su,much,contain
poor,without,is,3,disappointed,busted,not,angled,trash,out,twist,apart,.,broke,useless,impossible,uneven,waste,garbage,plastic,pants,turned,su,much,contain
poor,without,is,3,disappointed,busted,not,angled,trash,out,twist,apart,.,broke,useless,impossible,uneven,waste,plastic,pants,turned,su,much,the,contain
poor,without,is,3,disappointed,busted,not,angled,trash,out,twist,apart,.,broke,useless,impossible,uneven,waste,plastic,pants,turned,su,much,the,contain
poor,is,3,disappointed,busted,not,angled,trash,back,out,twist,apart,.,broke,useless,impossible,uneven,waste,plastic,pants,turned,su,much,the,contain
poor,is,3,disappointed,busted,not,angled,trash,back,out,twist,apart,.,broke,useless,impossible,uneven,waste,plastic,pants,turned,su,much,the,contain
poor,is,3,disappointed,busted,not,angled,trash,back,out,twist,apart,.,broke,useless,impossible,uneven,waste,plastic,pants,turned,su,much,the,contain
poor,is,3,disappointed,busted,not,angled,trash,back,out,twist,apart,.,broke,useless,impossible,uneven,waste,plastic,pants,turned,su,much,the,contain
poor,is,3,disappointed,busted,not,angled,trash,back,out,twist,apart,.,broke,useless,impossible,uneven,waste,plastic,pants,turned,su,much,the,contain
poor,is,3,disappointed,busted,not,angled,trash,back,out,twist,apart,.,broke,useless,impossible,uneven,waste,plastic,pants,turned,su,much,the,contain
poor,is,disappointed,busted,not,less,angled,blew,trash,back,10,twist,tube,apart,.,broke,useless,impossible,uneven,waste,plastic,turned,su,much,contain
poor,is,disappointed,busted,not,less,angled,blew,trash,back,10,twist,tube,apart,.,broke,useless,impossible,uneven,waste,plastic,turned,su,much,contain
poor,is,disappointed,busted,not,less,angled,blew,trash,back,10,twist,tube,apart,.,broke,useless,impossible,uneven,waste,plastic,turned,su,much,contain
poor,is,disappointed,busted,not,less,angled,blew,trash,back,10,twist,tube,apart,.,broke,useless,impossible,uneven,waste,plastic,turned,su,much,contain
poor,is,disappointed,busted,not,less,angled,blew,trash,back,twist,tube,would,apart,broke,useless,impossible,uneven,waste,cannot,plastic,turned,su,much,contain
poor,is,disappointed,busted,not,less,angled,blew,trash,back,twist,tube,would,apart,broke,useless,impossible,uneven,waste,cannot,plastic,turned,su,much,contain
poor,is,disappointed,busted,not,less,angled,blew,trash,back,twist,tube,would,apart,broke,useless,impossible,uneven,waste,cannot,plastic,turned,su,much,contain
poor,is,busted,not,less,angled,blew,trash,back,twist,tube,would,apart,.,broke,useless,impossible,uneven,waste,garbage,plastic,turned,su,much,contain
poor,is,busted,not,less,angled,blew,trash,back,twist,tube,would,apart,.,broke,useless,impossible,uneven,waste,garbage,plastic,turned,su,much,contain
worthless,poor,is,not,trash,back,more,tube,would,apart,.,broke,useless,impossible,uneven,waste,does,to,garbage,plastic,turned,',su,much,contain
worthless,poor,is,not,trash,back,more,tube,would,apart,.,broke,useless,impossible,uneven,waste,does,to,garbage,plastic,turned,',su,much,contain
worthless,poor,is,not,trash,back,more,tube,would,apart,.,broke,useless,impossible,uneven,waste,does,to,garbage,plastic,turned,',su,much,contain
worthless,poor,is,not,trash,back,more,tube,would,apart,.,broke,useless,impossible,uneven,waste,does,to,garbage,plastic,turned,',su,much,contain
worthless,poor,is,not,trash,back,more,tube,would,apart,.,broke,useless,impossible,uneven,waste,does,to,garbage,plastic,turned,',su,much,contain
worthless,poor,is,disappointed,not,hole,trash,back,more,tube,would,apart,.,broke,useless,impossible,waste,does,garbage,plastic,turned,',su,much,contain
worthless,poor,is,disappointed,not,hole,trash,back,more,tube,would,apart,.,broke,useless,impossible,waste,does,garbage,plastic,turned,',su,much,contain
worthless,poor,is,disappointed,not,hole,trash,back,more,tube,would,apart,.,broke,useless,impossible,waste,does,garbage,plastic,turned,',su,much,contain
worthless,poor,is,disappointed,not,hole,trash,back,more,tube,would,apart,.,broke,useless,impossible,waste,does,garbage,plastic,turned,',su,much,contain
worthless,poor,is,disappointed,not,hole,trash,back,more,tube,would,apart,.,broke,useless,impossible,waste,does,garbage,plastic,turned,',su,much,contain
worthless,poor,is,disappointed,not,hole,trash,back,more,tube,would,apart,.,broke,useless,impossible,waste,does,garbage,plastic,turned,',su,much,contain
worthless,poor,is,disappointed,not,hole,trash,back,more,tube,would,apart,.,broke,useless,impossible,waste,does,garbage,plastic,turned,',su,much,contain
worthless,poor,is,disappointed,not,hole,trash,back,more,tube,would,apart,.,broke,useless,impossible,waste,does,garbage,plastic,turned,',su,much,contain
worthless,poor,is,disappointed,not,hole,trash,back,more,tube,would,apart,.,broke,useless,impossible,waste,does,garbage,plastic,turned,',su,much,contain
worthless,poor,is,disappointed,not,hole,trash,back,more,tube,would,apart,.,broke,useless,impossible,waste,does,garbage,plastic,turned,',su,much,contain
worthless,poor,is,disappointed,not,hole,trash,back,more,tube,would,apart,.,broke,useless,impossible,waste,does,garbage,plastic,turned,',su,much,contain
worthless,poor,is,disappointed,not,hole,trash,back,more,tube,would,apart,.,broke,useless,impossible,waste,does,garbage,plastic,turned,',su,much,contain
worthless,poor,is,disappointed,not,hole,trash,back,more,tube,would,apart,.,broke,useless,impossible,waste,does,didn,garbage,plastic,',su,much,contain
worthless,poor,is,disappointed,not,hole,trash,back,more,tube,would,apart,.,broke,useless,impossible,waste,does,didn,garbage,plastic,',su,much,contain
worthless,poor,is,disappointed,not,hole,trash,back,more,tube,would,apart,.,broke,useless,impossible,waste,does,didn,garbage,t,plastic,',much,contain
worthless,poor,is,disappointed,not,hole,trash,back,more,tube,would,doesn,apart,.,broke,useless,impossible,waste,does,didn,garbage,t,plastic,',contain
worthless,poor,is,disappointed,not,hole,trash,back,more,tube,would,doesn,apart,.,broke,useless,impossible,waste,does,didn,garbage,t,plastic,',contain
worthless,poor,is,disappointed,not,hole,trash,back,more,tube,would,doesn,apart,.,broke,useless,impossible,waste,does,didn,garbage,t,plastic,',contain
worthless,poor,is,disappointed,not,hole,trash,back,more,tube,would,doesn,apart,.,broke,useless,impossible,waste,does,didn,garbage,t,plastic,',contain
worthless,poor,is,disappointed,not,hole,trash,back,more,tube,would,doesn,apart,.,broke,useless,impossible,waste,does,didn,garbage,t,plastic,',contain
worthless,poor,is,disappointed,not,hole,trash,back,more,tube,would,doesn,apart,.,broke,useless,impossible,waste,does,didn,garbage,t,plastic,',contain
worthless,poor,is,disappointed,not,hole,trash,back,more,tube,would,doesn,apart,.,broke,useless,impossible,waste,does,didn,garbage,t,plastic,',contain
worthless,poor,is,disappointed,not,hole,trash,back,more,tube,would,doesn,apart,months,broke,useless,impossible,waste,does,didn,garbage,spins,t,plastic,wheel
worthless,poor,is,disappointed,not,hole,trash,back,more,tube,would,doesn,apart,months,broke,useless,impossible,waste,does,didn,garbage,spins,t,plastic,wheel
worthless,poor,is,disappointed,not,hole,trash,back,more,tube,would,doesn,apart,months,broke,useless,impossible,waste,does,didn,garbage,spins,t,plastic,wheel
worthless,poor,is,disappointed,not,hole,trash,back,more,tube,would,doesn,apart,months,broke,useless,impossible,waste,does,didn,garbage,spins,t,plastic,wheel
worthless,poor,is,disappointed,not,hole,trash,back,more,tube,would,doesn,apart,months,broke,useless,impossible,waste,does,didn,garbage,spins,t,plastic,wheel
worthless,poor,is,disappointed,not,hole,trash,back,more,tube,would,doesn,apart,months,broke,useless,impossible,waste,does,didn,garbage,spins,t,plastic,wheel
too,worthless,poor,is,disappointed,not,hole,trash,back,more,tube,would,doesn,apart,months,broke,useless,impossible,waste,does,didn,garbage,t,plastic,away
weak,too,worthless,poor,disappointed,not,hole,trash,back,more,tube,would,doesn,apart,months,broke,useless,impossible,waste,does,didn,garbage,t,plastic,away
worthless,poor,disappointed,busted,not,hole,trash,back,sucks,more,tube,would,doesn,apart,months,broke,useless,impossible,waste,does,didn,garbage,t,plastic,away
worthless,poor,disappointed,busted,not,completely,trash,back,sucks,more,tube,would,doesn,apart,months,broke,useless,impossible,waste,does,didn,garbage,t,plastic,fell
worthless,poor,disappointed,busted,not,completely,trash,back,sucks,more,tube,would,doesn,apart,months,broke,useless,impossible,waste,does,didn,garbage,t,plastic,fell
worthless,poor,disappointed,busted,not,completely,trash,back,sucks,more,tube,would,doesn,apart,months,broke,useless,impossible,waste,does,didn,garbage,t,plastic,fell
worthless,poor,disappointed,busted,not,completely,trash,back,sucks,more,tube,would,doesn,apart,months,broke,useless,impossible,waste,does,didn,garbage,t,plastic,fell
worthless,poor,disappointed,busted,not,completely,trash,back,sucks,more,tube,would,doesn,apart,months,broke,useless,impossible,waste,does,didn,garbage,t,plastic,fell
worthless,poor,disappointed,busted,not,completely,trash,back,sucks,more,tube,would,doesn,apart,months,broke,useless,impossible,waste,does,didn,garbage,t,plastic,fell
ripped,poor,disappointed,busted,not,completely,trash,back,sucks,more,tube,would,doesn,apart,months,broke,useless,impossible,waste,does,didn,garbage,t,plastic,fell
ripped,poor,disappointed,busted,not,completely,trash,back,sucks,more,tube,would,doesn,apart,months,broke,useless,impossible,waste,does,didn,garbage,t,plastic,fell
ripped,poor,disappointed,busted,not,completely,trash,back,sucks,more,tube,would,doesn,apart,months,broke,useless,impossible,waste,does,didn,garbage,t,plastic,fell
ripped,poor,disappointed,busted,not,trash,back,sucks,more,tube,would,doesn,apart,months,broke,useless,impossible,waste,does,didn,garbage,cannot,t,plastic,fell
ripped,poor,disappointed,busted,not,trash,back,sucks,tube,would,doesn,apart,un,months,broke,useless,impossible,waste,does,didn,garbage,cannot,t,plastic,fell
ripped,poor,disappointed,busted,not,trash,back,sucks,tube,would,doesn,apart,un,months,broke,useless,impossible,waste,does,didn,garbage,cannot,t,plastic,fell
ripped,poor,disappointed,busted,not,trash,back,sucks,tube,would,doesn,apart,un,months,broke,useless,impossible,waste,does,didn,garbage,cannot,t,plastic,fell
uncomfortable,ripped,poor,disappointed,busted,not,trash,back,sucks,tube,would,doesn,apart,un,broke,useless,impossible,waste,does,didn,garbage,cannot,t,plastic,fell
uncomfortable,ripped,poor,disappointed,busted,not,trash,back,sucks,tube,would,doesn,apart,un,broke,useless,impossible,waste,does,didn,garbage,cannot,t,plastic,fell
uncomfortable,ripped,poor,disappointed,busted,not,trash,back,sucks,tube,would,doesn,apart,un,broke,useless,impossible,waste,does,didn,garbage,cannot,t,plastic,fell
uncomfortable,ripped,poor,disappointed,busted,not,trash,back,sucks,tube,would,doesn,apart,un,broke,useless,impossible,waste,does,didn,garbage,cannot,t,plastic,fell
uncomfortable,ripped,poor,disappointed,busted,not,trash,back,sucks,tube,would,doesn,apart,un,broke,useless,impossible,waste,does,didn,garbage,cannot,t,plastic,fell
uncomfortable,ripped,poor,disappointed,busted,not,trash,back,sucks,tube,would,doesn,apart,un,broke,useless,impossible,waste,does,didn,garbage,cannot,t,plastic,fell
uncomfortable,ripped,poor,disappointed,busted,not,trash,back,sucks,tube,would,doesn,apart,un,broke,useless,impossible,waste,does,didn,garbage,cannot,t,plastic,fell
too,ripped,poor,disappointed,busted,not,trash,back,sucks,tube,would,doesn,apart,un,broke,useless,impossible,waste,does,didn,garbage,cannot,t,plastic,fell
too,ripped,poor,disappointed,busted,not,trash,back,sucks,tube,would,doesn,apart,un,broke,useless,impossible,waste,does,didn,garbage,cannot,plastic,two,fell
too,ripped,poor,disappointed,busted,not,trash,back,sucks,tube,would,doesn,apart,un,broke,useless,impossible,waste,does,didn,garbage,cannot,plastic,two,fell
weak,too,ripped,poor,disappointed,busted,not,trash,back,sucks,tube,would,doesn,apart,un,broke,useless,impossible,waste,does,didn,garbage,cannot,plastic,fell
weak,too,ripped,poor,disappointed,busted,not,trash,back,sucks,tube,would,doesn,apart,un,broke,useless,impossible,waste,does,didn,garbage,cannot,plastic,fell
weak,too,ripped,poor,disappointed,busted,not,trash,back,sucks,tube,would,doesn,apart,un,broke,useless,impossible,waste,does,didn,garbage,cannot,plastic,fell
weak,too,ripped,poor,disappointed,busted,not,trash,back,sucks,tube,would,doesn,apart,un,broke,useless,impossible,waste,does,didn,garbage,cannot,plastic,fell
weak,too,ripped,poor,disappointed,but,busted,not,back,sucks,tube,would,doesn,apart,un,broke,useless,impossible,waste,does,didn,garbage,cannot,plastic,fell
weak,too,ripped,poor,disappointed,but,busted,not,back,sucks,tube,would,doesn,apart,un,broke,useless,impossible,waste,does,didn,garbage,cannot,plastic,fell
weak,too,ripped,poor,disappointed,but,busted,not,back,sucks,tube,would,doesn,apart,un,broke,useless,impossible,waste,does,didn,garbage,cannot,plastic,fell
weak,too,ripped,poor,disappointed,busted,not,back,sucks,tube,would,doesn,apart,un,broke,useless,impossible,barely,waste,does,didn,garbage,cannot,plastic,fell
weak,too,ripped,poor,disappointed,busted,not,back,sucks,tube,would,doesn,apart,un,broke,useless,impossible,waste,does,didn,garbage,cannot,plastic,t,fell
weak,too,ripped,poor,disappointed,busted,not,back,sucks,tube,would,doesn,apart,un,broke,useless,impossible,waste,does,didn,garbage,cannot,plastic,t,fell
weak,too,poor,disappointed,busted,not,back,sucks,tube,would,doesn,apart,un,broke,useless,impossible,waste,does,didn,garbage,cannot,plastic,t,small,fell
weak,too,poor,disappointed,busted,not,back,sucks,tube,would,doesn,apart,un,broke,useless,impossible,waste,does,didn,garbage,cannot,plastic,t,small,fell
weak,too,poor,disappointed,busted,not,back,sucks,tube,would,doesn,apart,un,broke,useless,impossible,waste,does,didn,garbage,cannot,plastic,t,small,fell
weak,too,poor,disappointed,busted,not,back,sucks,tube,would,doesn,apart,un,broke,useless,impossible,waste,does,didn,garbage,cannot,plastic,t,small,fell
weak,too,poor,disappointed,busted,not,back,sucks,tube,would,doesn,apart,un,broke,useless,impossible,waste,does,didn,garbage,cannot,plastic,t,small,fell
weak,too,poor,disappointed,not,trash,back,sucks,tube,would,doesn,apart,un,broke,useless,impossible,waste,does,didn,garbage,cannot,plastic,t,small,fell
weak,too,poor,disappointed,not,trash,back,sucks,tube,would,doesn,apart,un,broke,useless,impossible,waste,does,didn,garbage,cannot,plastic,t,small,fell
weak,too,poor,disappointed,not,trash,back,sucks,tube,would,doesn,apart,un,broke,useless,impossible,waste,does,didn,garbage,cannot,plastic,t,small,fell
weak,too,poor,disappointed,not,trash,back,sucks,tube,would,doesn,apart,un,broke,useless,impossible,waste,does,didn,garbage,cannot,plastic,t,small,fell
weak,too,poor,disappointed,not,trash,back,sucks,tube,would,doesn,apart,un,broke,useless,impossible,waste,does,didn,garbage,cannot,plastic,t,small,fell
weak,too,poor,disappointed,not,trash,back,sucks,tube,would,doesn,apart,un,broke,useless,impossible,waste,does,didn,garbage,cannot,plastic,t,small,fell
weak,too,poor,disappointed,not,trash,back,sucks,tube,would,doesn,apart,un,broke,useless,impossible,waste,does,didn,garbage,cannot,plastic,t,small,fell
weak,too,poor,disappointed,not,trash,sucks,tube,would,doesn,apart,broke,useless,impossible,waste,does,didn,garbage,cannot,size,cheap,plastic,t,small,fell
weak,too,poor,disappointed,not,trash,sucks,tube,would,doesn,apart,broke,useless,impossible,waste,does,didn,garbage,cannot,size,cheap,plastic,t,small,fell
weak,too,poor,disappointed,not,trash,sucks,tube,would,doesn,apart,broke,useless,impossible,waste,does,didn,garbage,cannot,size,cheap,plastic,t,small,fell
weak,too,poor,disappointed,not,trash,sucks,tube,would,doesn,apart,broke,useless,impossible,waste,does,didn,garbage,cannot,size,cheap,plastic,t,small,fell
weak,too,poor,disappointed,not,trash,sucks,tube,would,doesn,apart,broke,useless,impossible,waste,does,didn,garbage,cannot,size,cheap,plastic,t,small,fell
weak,too,poor,disappointed,not,trash,sucks,tube,would,doesn,apart,broke,useless,impossible,waste,does,didn,garbage,cannot,size,cheap,plastic,t,small,fell
weak,too,poor,disappointed,not,trash,sucks,tube,would,doesn,apart,broke,useless,impossible,waste,does,didn,garbage,cannot,size,cheap,plastic,t,small,fell
weak,too,poor,disappointed,but,not,trash,sucks,tube,would,doesn,apart,broke,useless,impossible,waste,does,didn,garbage,cannot,size,cheap,t,small,fell
weak,too,poor,disappointed,but,not,trash,sucks,tube,would,doesn,apart,broke,useless,impossible,waste,does,didn,garbage,cannot,size,cheap,t,small,fell
weak,too,poor,disappointed,but,not,trash,sucks,tube,would,doesn,apart,broke,useless,impossible,waste,does,didn,garbage,cannot,size,cheap,t,small,fell
weak,too,poor,disappointed,but,not,trash,sucks,tube,would,doesn,apart,broke,useless,impossible,waste,does,didn,garbage,cannot,size,cheap,t,small,fell
weak,too,poor,disappointed,but,not,trash,sucks,tube,would,doesn,.,broke,useless,impossible,waste,does,didn,garbage,cannot,size,cheap,t,small,fell
weak,too,poor,disappointed,but,not,trash,sucks,tube,would,doesn,.,broke,useless,impossible,waste,does,didn,garbage,cannot,size,cheap,t,small,fell
weak,too,poor,disappointed,but,not,trash,sucks,tube,would,doesn,.,broke,useless,impossible,waste,does,didn,garbage,cannot,size,cheap,t,small,fell
weak,too,poor,disappointed,but,not,trash,sucks,tube,would,doesn,.,broke,useless,impossible,waste,does,didn,garbage,cannot,size,cheap,t,small,fell
weak,too,poor,disappointed,but,not,trash,sucks,tube,would,doesn,.,broke,useless,impossible,waste,does,didn,garbage,cannot,size,cheap,t,small,fell
weak,too,poor,disappointed,but,not,trash,sucks,tube,would,doesn,.,broke,useless,impossible,waste,does,didn,garbage,cannot,size,cheap,t,small,fell
weak,too,poor,disappointed,but,not,trash,sucks,tube,would,doesn,.,broke,useless,impossible,waste,does,didn,garbage,cannot,size,cheap,t,small,fell
weak,too,poor,disappointed,but,not,trash,sucks,tube,would,doesn,.,broke,useless,impossible,waste,does,didn,garbage,cannot,size,cheap,t,small,fell
weak,too,poor,disappointed,but,not,trash,sucks,tube,would,doesn,.,broke,useless,impossible,waste,does,didn,garbage,cannot,size,cheap,t,small,fell
weak,too,poor,disappointed,but,not,trash,sucks,tube,would,doesn,.,broke,useless,impossible,waste,does,didn,garbage,cannot,size,cheap,t,small,fell
weak,too,poor,disappointed,but,not,trash,sucks,tube,would,doesn,.,broke,useless,impossible,waste,does,didn,garbage,cannot,size,cheap,t,small,fell
weak,too,poor,disappointed,but,not,trash,sucks,tube,would,doesn,.,broke,useless,impossible,waste,does,didn,garbage,cannot,size,cheap,t,small,fell
weak,too,poor,disappointed,but,not,trash,sucks,tube,would,doesn,.,broke,useless,impossible,waste,does,didn,garbage,cannot,size,cheap,t,small,fell
too,poor,ripped,disappointed,but,not,trash,sucks,tube,would,doesn,.,broke,useless,impossible,waste,does,didn,garbage,cannot,size,cheap,t,small,fell
too,poor,ripped,disappointed,but,not,trash,sucks,tube,would,doesn,.,broke,useless,impossible,waste,does,didn,garbage,cannot,size,cheap,t,small,fell
too,poor,ripped,disappointed,but,not,trash,sucks,tube,would,doesn,.,broke,useless,impossible,waste,does,didn,garbage,cannot,size,cheap,t,small,fell
too,poor,ripped,disappointed,but,not,trash,sucks,tube,would,doesn,.,broke,useless,impossible,waste,does,didn,garbage,cannot,size,cheap,t,small,fell
too,poor,ripped,disappointed,but,not,trash,sucks,tube,would,doesn,.,broke,useless,impossible,waste,does,didn,garbage,cannot,size,cheap,t,small,fell
too,poor,ripped,disappointed,but,not,trash,sucks,tube,would,doesn,.,broke,useless,impossible,waste,does,didn,garbage,cannot,size,cheap,t,small,fell
too,poor,ripped,disappointed,but,not,trash,sucks,tube,would,doesn,.,broke,useless,impossible,waste,does,didn,garbage,cannot,size,cheap,t,small,fell
too,poor,ripped,disappointed,but,not,trash,sucks,tube,would,doesn,.,broke,useless,impossible,waste,does,didn,garbage,cannot,size,cheap,t,small,fell
too,poor,ripped,disappointed,but,not,trash,sucks,tube,would,doesn,.,broke,useless,impossible,waste,does,didn,garbage,cannot,size,cheap,t,small,fell
too,poor,ripped,disappointed,but,not,trash,sucks,tube,would,doesn,.,broke,useless,impossible,waste,does,didn,garbage,cannot,size,cheap,t,small,fell
too,poor,ripped,disappointed,but,not,trash,sucks,tube,would,doesn,.,broke,useless,impossible,waste,does,didn,garbage,cannot,size,cheap,t,small,fell
weak,too,poor,ripped,disappointed,but,not,trash,sucks,tube,would,doesn,.,broke,useless,impossible,waste,does,didn,garbage,cannot,size,t,small,fell
weak,too,poor,ripped,disappointed,but,not,trash,sucks,tube,would,doesn,.,broke,useless,impossible,waste,does,didn,garbage,cannot,size,t,small,fell
weak,too,poor,ripped,disappointed,but,not,trash,sucks,tube,would,doesn,.,broke,useless,impossible,waste,does,didn,garbage,cannot,size,t,small,fell
weak,too,poor,ripped,disappointed,but,not,sucks,tube,would,doesn,.,broke,useless,impossible,waste,does,didn,garbage,cannot,size,plastic,t,small,fell
weak,too,poor,ripped,disappointed,but,not,sucks,tube,would,doesn,.,broke,useless,impossible,waste,does,didn,garbage,cannot,size,plastic,t,small,fell
weak,too,poor,ripped,disappointed,but,not,sucks,tube,would,doesn,.,broke,useless,impossible,waste,does,didn,garbage,cannot,size,plastic,t,small,fell
weak,too,poor,ripped,disappointed,but,not,sucks,tube,would,doesn,poorly,.,broke,useless,impossible,waste,does,didn,cannot,size,plastic,t,small,fell
weak,too,poor,ripped,disappointed,but,not,sucks,tube,would,doesn,poorly,.,broke,useless,impossible,waste,does,didn,cannot,size,plastic,t,small,fell
weak,too,poor,ripped,disappointed,but,not,sucks,tube,would,doesn,poorly,.,broke,useless,impossible,waste,does,didn,cannot,size,plastic,t,small,fell
weak,too,poor,ripped,disappointed,but,not,sucks,tube,would,doesn,poorly,.,broke,useless,impossible,waste,does,didn,cannot,size,plastic,t,small,fell
weak,too,poor,ripped,disappointed,but,not,sucks,tube,would,doesn,poorly,.,broke,useless,impossible,waste,does,didn,cannot,size,plastic,t,small,fell
weak,too,poor,ripped,disappointed,but,not,sucks,tube,would,doesn,poorly,.,broke,useless,impossible,waste,does,didn,cannot,size,plastic,t,small,fell
weak,too,poor,ripped,disappointed,but,not,sucks,tube,would,doesn,poorly,.,broke,useless,impossible,waste,does,didn,cannot,size,plastic,t,small,fell
weak,too,poor,ripped,disappointed,but,not,sucks,tube,would,doesn,poorly,.,broke,useless,impossible,waste,does,didn,cannot,size,plastic,t,small,fell
weak,too,poor,ripped,disappointed,but,not,sucks,tube,would,doesn,poorly,.,broke,useless,impossible,waste,does,didn,cannot,size,plastic,t,small,fell
weak,too,poor,ripped,disappointed,but,not,sucks,tube,would,doesn,poorly,.,broke,useless,impossible,waste,does,didn,cannot,size,plastic,t,small,fell
weak,too,poor,ripped,disappointed,but,not,sucks,tube,would,doesn,poorly,.,broke,useless,impossible,waste,does,didn,cannot,size,plastic,t,small,fell
weak,too,poor,ripped,disappointed,but,not,sucks,tube,would,doesn,poorly,.,broke,useless,impossible,waste,does,didn,cannot,size,plastic,t,small,fell
weak,too,poor,ripped,disappointed,but,not,sucks,tube,would,doesn,poorly,.,broke,useless,impossible,waste,does,didn,cannot,size,plastic,t,small,fell
weak,too,poor,ripped,disappointed,but,not,sucks,tube,would,doesn,poorly,.,broke,useless,impossible,waste,does,didn,cannot,size,plastic,t,small,fell
weak,too,poor,ripped,disappointed,but,not,sucks,tube,would,doesn,poorly,.,broke,useless,impossible,waste,does,didn,cannot,size,plastic,t,small,fell
weak,too,poor,ripped,disappointed,but,not,sucks,tube,would,doesn,poorly,.,broke,useless,impossible,waste,does,didn,cannot,size,plastic,t,small,fell
weak,too,poor,ripped,disappointed,but,not,sucks,tube,would,doesn,poorly,.,broke,useless,impossible,waste,does,didn,cannot,size,plastic,t,small,fell
weak,too,poor,ripped,disappointed,but,not,sucks,tube,would,doesn,poorly,.,broke,useless,impossible,waste,does,didn,cannot,size,plastic,t,small,fell
weak,too,poor,ripped,disappointed,but,not,stopped,sucks,tube,would,doesn,poorly,.,broke,useless,impossible,waste,does,didn,cannot,plastic,t,small,fell
weak,too,poor,ripped,disappointed,but,not,stopped,sucks,tube,would,doesn,poorly,.,broke,useless,impossible,waste,does,didn,cannot,plastic,t,small,fell
weak,too,poor,ripped,disappointed,but,not,stopped,sucks,tube,would,doesn,poorly,.,broke,useless,impossible,waste,does,didn,cannot,plastic,t,small,fell
weak,too,poor,ripped,disappointed,but,not,stopped,sucks,tube,would,doesn,poorly,.,broke,useless,impossible,waste,does,didn,cannot,plastic,t,small,fell
weak,too,poor,ripped,disappointed,but,not,stopped,sucks,tube,would,doesn,poorly,.,broke,useless,impossible,waste,does,didn,cannot,plastic,t,small,fell
weak,too,poor,ripped,disappointed,but,not,stopped,back,sucks,tube,would,doesn,poorly,.,broke,useless,impossible,waste,does,didn,cannot,plastic,t,small
weak,too,poor,disappointed,but,not,stopped,back,sucks,tube,would,doesn,returned,poorly,.,broke,useless,impossible,waste,does,didn,cannot,plastic,t,small
weak,too,poor,disappointed,but,not,stopped,back,sucks,tube,would,doesn,returned,poorly,.,broke,useless,impossible,waste,does,didn,cannot,plastic,t,small
weak,too,poor,disappointed,but,not,back,sucks,tube,would,doesn,returned,poorly,.,broke,useless,impossible,waste,does,didn,cannot,cheap,plastic,t,small
weak,too,poor,disappointed,but,not,back,sucks,tube,would,doesn,returned,poorly,.,broke,useless,impossible,waste,does,didn,cannot,cheap,plastic,t,small
weak,too,poor,disappointed,but,not,back,sucks,tube,would,doesn,returned,poorly,.,broke,useless,impossible,waste,does,didn,cannot,cheap,plastic,t,small
weak,too,poor,disappointed,but,not,back,sucks,tube,would,doesn,returned,poorly,.,broke,useless,impossible,waste,does,didn,cannot,cheap,plastic,t,small
weak,too,poor,disappointed,but,not,back,sucks,tube,would,doesn,returned,poorly,.,broke,useless,impossible,waste,does,didn,cannot,cheap,plastic,t,small
weak,too,poor,disappointed,but,not,back,sucks,tube,would,doesn,returned,poorly,.,broke,useless,impossible,waste,does,didn,cannot,cheap,plastic,t,small
weak,too,poor,disappointed,but,not,back,sucks,tube,would,doesn,returned,poorly,.,broke,useless,impossible,waste,does,didn,cannot,cheap,plastic,t,small
weak,too,poor,disappointed,but,not,back,sucks,tube,would,doesn,returned,poorly,.,broke,useless,impossible,waste,does,didn,cannot,cheap,plastic,t,small
weak,too,poor,ripped,disappointed,but,not,back,tube,would,doesn,returned,poorly,.,broke,useless,impossible,waste,does,didn,cannot,cheap,plastic,t,small
weak,too,poor,ripped,disappointed,but,not,back,tube,would,doesn,returned,poorly,.,broke,useless,impossible,waste,does,didn,cannot,cheap,plastic,t,small
weak,too,poor,ripped,disappointed,but,not,back,tube,would,doesn,returned,poorly,.,broke,useless,impossible,waste,does,didn,cannot,cheap,plastic,t,small
weak,too,poor,ripped,disappointed,but,not,back,tube,would,doesn,returned,poorly,.,broke,useless,impossible,waste,does,didn,cannot,cheap,plastic,t,small
weak,too,poor,ripped,disappointed,but,not,back,tube,would,doesn,returned,poorly,.,broke,useless,impossible,waste,does,didn,cannot,cheap,plastic,t,small
weak,too,poor,ripped,disappointed,but,not,back,tube,would,doesn,returned,poorly,.,broke,useless,impossible,waste,does,didn,cannot,cheap,plastic,t,small
weak,too,poor,ripped,disappointed,but,not,back,tube,would,doesn,returned,poorly,.,broke,useless,impossible,waste,does,didn,cannot,cheap,plastic,t,small
weak,too,poor,ripped,disappointed,but,not,back,tube,would,doesn,returned,poorly,.,broke,useless,impossible,waste,does,didn,cannot,cheap,plastic,t,small
weak,too,poor,ripped,disappointed,but,not,back,tube,would,doesn,returned,poorly,.,broke,useless,impossible,waste,does,didn,cannot,cheap,plastic,t,small
weak,too,poor,ripped,disappointed,but,not,back,tube,would,doesn,returned,poorly,.,broke,useless,impossible,waste,does,didn,cannot,cheap,plastic,t,small
weak,too,poor,ripped,disappointed,but,not,back,tube,would,doesn,returned,poorly,.,broke,useless,impossible,waste,does,didn,cannot,cheap,plastic,t,small
weak,too,poor,ripped,disappointed,but,not,back,tube,would,doesn,returned,poorly,.,broke,useless,impossible,waste,does,didn,cannot,cheap,plastic,t,small
weak,too,poor,ripped,disappointed,but,not,back,tube,would,doesn,returned,poorly,.,broke,useless,impossible,waste,does,didn,cannot,cheap,plastic,t,small
weak,too,poor,ripped,disappointed,but,not,back,tube,would,doesn,returned,poorly,.,broke,useless,impossible,waste,does,didn,cannot,cheap,plastic,t,small
weak,too,poor,ripped,disappointed,but,not,back,tube,would,doesn,returned,poorly,.,broke,useless,impossible,waste,does,didn,cannot,cheap,plastic,t,small
weak,too,poor,ripped,disappointed,but,not,back,tube,would,doesn,returned,poorly,.,broke,useless,impossible,waste,does,didn,cannot,cheap,plastic,t,small
weak,too,poor,ripped,disappointed,but,not,back,tube,would,doesn,returned,poorly,.,broke,useless,impossible,waste,does,didn,cannot,cheap,plastic,t,small
weak,too,poor,ripped,disappointed,but,not,could,back,would,doesn,returned,poorly,.,broke,useless,impossible,waste,does,didn,cannot,cheap,plastic,t,small
weak,too,poor,ripped,disappointed,but,not,could,back,would,doesn,returned,poorly,.,broke,useless,impossible,waste,does,didn,cannot,cheap,plastic,t,small
weak,too,poor,ripped,disappointed,but,not,could,back,would,doesn,returned,poorly,.,broke,useless,impossible,waste,does,didn,cannot,cheap,plastic,t,small
weak,too,poor,ripped,disappointed,but,not,could,back,would,doesn,returned,poorly,.,broke,useless,impossible,waste,does,didn,cannot,cheap,plastic,t,small
weak,too,poor,ripped,disappointed,but,not,could,back,would,doesn,returned,poorly,.,broke,useless,impossible,waste,does,didn,cannot,cheap,plastic,t,small
weak,too,poor,ripped,disappointed,but,not,could,back,would,doesn,returned,poorly,.,broke,useless,impossible,waste,does,didn,cannot,cheap,plastic,t,small
weak,too,poor,ripped,disappointed,but,not,could,back,would,doesn,returned,poorly,.,broke,useless,impossible,waste,does,didn,cannot,cheap,plastic,t,small
weak,too,poor,ripped,disappointed,but,not,could,back,would,doesn,returned,poorly,.,broke,useless,impossible,waste,does,didn,cannot,cheap,plastic,t,small
weak,too,poor,ripped,disappointed,but,not,could,back,would,doesn,returned,poorly,.,broke,useless,impossible,waste,does,didn,cannot,cheap,plastic,t,small
weak,too,poor,ripped,disappointed,but,not,could,back,would,doesn,returned,poorly,.,broke,useless,impossible,waste,does,didn,cannot,cheap,plastic,t,small
weak,too,poor,ripped,disappointed,but,not,could,back,would,doesn,returned,poorly,.,broke,useless,impossible,waste,does,didn,cannot,cheap,plastic,t,small
weak,too,poor,ripped,disappointed,but,not,could,back,would,doesn,returned,poorly,.,broke,useless,impossible,waste,does,didn,cannot,cheap,plastic,t,small
weak,too,poor,ripped,disappointed,but,not,could,back,would,doesn,returned,poorly,.,broke,useless,waste,does,didn,cannot,cheap,plastic,t,small,was
weak,too,poor,ripped,disappointed,but,not,could,back,would,doesn,returned,poorly,.,broke,useless,waste,does,didn,cannot,cheap,plastic,t,small,was
weak,too,poor,ripped,disappointed,but,not,could,back,would,doesn,returned,poorly,.,broke,useless,waste,does,didn,cannot,cheap,plastic,t,small,was
weak,too,poor,ripped,disappointed,but,not,could,back,would,doesn,returned,poorly,.,broke,useless,waste,does,didn,cannot,cheap,plastic,t,small,was
weak,too,poor,ripped,disappointed,but,not,could,back,would,doesn,returned,poorly,.,broke,useless,waste,does,didn,cannot,cheap,plastic,t,small,was
weak,too,poor,ripped,disappointed,but,not,could,back,would,doesn,returned,poorly,.,broke,useless,waste,does,didn,cannot,cheap,plastic,t,small,was
weak,too,poor,ripped,disappointed,but,not,could,back,would,doesn,returned,poorly,.,broke,useless,waste,does,didn,cannot,cheap,plastic,t,small,was
weak,too,poor,ripped,disappointed,but,not,could,back,would,doesn,returned,poorly,.,broke,useless,waste,does,didn,cannot,cheap,plastic,t,small,was
weak,too,poor,ripped,disappointed,but,not,could,back,would,doesn,returned,poorly,.,broke,useless,waste,does,didn,cannot,cheap,plastic,t,small,was
weak,too,poor,ripped,disappointed,but,not,could,back,would,doesn,returned,poorly,.,broke,useless,waste,does,didn,cannot,cheap,plastic,t,small,was
weak,too,poor,ripped,disappointed,but,not,could,back,would,doesn,returned,poorly,.,broke,useless,waste,does,didn,cannot,cheap,plastic,t,small,was
weak,too,poor,ripped,disappointed,but,not,could,back,would,doesn,returned,poorly,.,broke,useless,waste,does,didn,cannot,cheap,plastic,t,small,was
weak,too,poor,ripped,disappointed,but,not,could,back,would,doesn,returned,poorly,.,broke,useless,waste,does,didn,cannot,cheap,plastic,t,small,was
weak,too,poor,ripped,disappointed,but,not,could,back,would,doesn,returned,poorly,.,broke,useless,waste,does,didn,cannot,cheap,plastic,t,small,was
weak,too,poor,ripped,disappointed,but,not,could,back,would,doesn,returned,poorly,.,broke,useless,waste,does,didn,cannot,cheap,plastic,t,small,was
weak,too,poor,ripped,disappointed,but,did,not,could,would,doesn,returned,poorly,.,broke,useless,waste,does,didn,cannot,cheap,plastic,t,small,was
weak,too,poor,ripped,disappointed,but,did,not,could,would,doesn,returned,poorly,.,broke,useless,waste,does,didn,cannot,cheap,plastic,t,small,was
weak,too,poor,ripped,disappointed,but,did,not,could,would,doesn,returned,poorly,.,broke,useless,waste,does,didn,cannot,cheap,plastic,t,small,was
weak,too,poor,ripped,disappointed,but,did,not,could,would,doesn,returned,poorly,.,broke,useless,waste,does,didn,cannot,cheap,plastic,t,small,was
weak,too,fit,poor,ripped,disappointed,but,did,not,could,would,returned,poorly,.,broke,useless,waste,does,didn,cannot,cheap,plastic,t,small,was
weak,too,poor,ripped,disappointed,but,did,not,could,back,would,returned,poorly,.,broke,useless,waste,does,didn,cannot,cheap,plastic,t,small,was
weak,too,poor,ripped,disappointed,but,did,not,could,trash,back,would,returned,poorly,.,broke,useless,waste,does,didn,cannot,cheap,t,small,was
weak,too,poor,ripped,disappointed,but,did,not,could,trash,back,would,returned,poorly,.,broke,useless,waste,does,didn,cannot,cheap,t,small,was
weak,too,poor,ripped,disappointed,but,did,not,could,back,would,it,returned,poorly,.,broke,useless,waste,does,didn,cannot,cheap,t,small,was
weak,too,poor,ripped,disappointed,but,did,not,could,back,would,it,returned,poorly,.,broke,useless,waste,does,didn,cannot,cheap,t,small,was
weak,too,poor,ripped,disappointed,but,did,not,could,back,would,it,returned,poorly,.,broke,useless,waste,does,didn,cannot,cheap,t,small,was
weak,too,poor,ripped,disappointed,but,did,not,could,back,would,it,returned,poorly,.,broke,useless,waste,does,didn,cannot,cheap,t,small,was
weak,too,poor,ripped,disappointed,but,did,not,could,back,would,it,returned,poorly,.,broke,useless,waste,does,didn,cannot,cheap,t,small,was
too,poor,ripped,disappointed,but,did,not,could,back,would,it,returned,poorly,.,broke,useless,waste,does,didn,cannot,cheap,t,small,tore,was
too,poor,ripped,disappointed,but,did,not,could,back,would,it,returned,poorly,.,broke,useless,waste,does,didn,cannot,cheap,t,small,tore,was
too,poor,ripped,disappointed,but,did,not,could,back,would,it,returned,poorly,.,broke,useless,waste,does,didn,cannot,cheap,t,small,tore,was
too,poor,ripped,disappointed,but,did,not,could,back,would,it,returned,poorly,.,broke,useless,waste,does,didn,cannot,cheap,t,small,tore,was
too,poor,ripped,disappointed,but,did,not,could,back,would,it,returned,poorly,.,broke,useless,waste,does,didn,cannot,cheap,t,small,tore,was
too,poor,ripped,disappointed,but,did,not,could,back,would,it,returned,poorly,.,broke,useless,waste,does,didn,cannot,cheap,t,small,tore,was
too,poor,ripped,disappointed,but,did,not,could,back,would,it,returned,poorly,.,broke,useless,waste,does,didn,cannot,cheap,t,small,tore,was
too,poor,ripped,disappointed,but,did,not,could,back,would,it,returned,poorly,.,broke,useless,waste,does,didn,cannot,cheap,t,small,tore,was
too,poor,ripped,disappointed,but,did,not,could,back,would,it,returned,poorly,.,broke,useless,waste,does,didn,cannot,cheap,t,small,tore,was
too,poor,ripped,disappointed,but,did,not,could,back,would,it,returned,poorly,.,broke,useless,waste,does,didn,cannot,cheap,t,small,tore,was
too,poor,ripped,disappointed,but,did,not,could,back,would,it,returned,poorly,.,broke,useless,waste,does,didn,cannot,cheap,t,small,tore,was
too,poor,ripped,disappointed,but,did,not,could,back,would,it,returned,poorly,.,broke,useless,waste,does,didn,cannot,cheap,t,small,tore,was
too,poor,ripped,disappointed,but,did,not,could,back,would,it,returned,poorly,.,broke,useless,waste,does,didn,cannot,cheap,t,small,tore,was
too,poor,ripped,disappointed,but,did,not,could,back,would,it,returned,poorly,.,broke,useless,waste,does,didn,cannot,cheap,t,small,tore,was
too,poor,ripped,disappointed,but,did,not,could,back,would,it,returned,poorly,.,broke,useless,waste,does,didn,cannot,cheap,t,small,tore,was
too,poor,ripped,disappointed,but,did,not,could,back,would,it,returned,poorly,.,broke,useless,waste,does,didn,cannot,cheap,t,small,tore,was
too,poor,ripped,disappointed,but,did,not,could,back,would,it,returned,poorly,.,broke,useless,waste,does,didn,cannot,cheap,t,small,tore,was
too,poor,ripped,disappointed,but,did,not,could,back,would,it,returned,poorly,.,broke,useless,waste,does,didn,cannot,cheap,t,small,tore,was
too,poor,ripped,disappointed,but,did,not,could,back,would,it,returned,poorly,.,broke,useless,waste,does,didn,cannot,cheap,t,small,tore,was
too,poor,ripped,disappointed,but,did,not,could,back,would,it,returned,poorly,.,broke,useless,waste,does,didn,cannot,cheap,t,small,tore,was
too,poor,ripped,disappointed,but,did,not,could,back,would,it,returned,poorly,.,broke,useless,waste,does,didn,cannot,cheap,t,small,tore,was
too,poor,ripped,disappointed,but,did,not,could,back,would,it,returned,poorly,.,broke,useless,waste,does,didn,cannot,cheap,t,small,tore,was
too,poor,ripped,disappointed,but,did,not,could,back,would,it,returned,poorly,.,broke,useless,waste,does,didn,cannot,cheap,t,small,tore,was
too,poor,ripped,disappointed,but,did,not,could,back,would,it,returned,poorly,.,broke,useless,waste,does,didn,cannot,cheap,t,small,tore,was
too,poor,ripped,disappointed,but,did,not,could,back,would,it,returned,poorly,.,broke,useless,waste,does,didn,cannot,cheap,t,small,tore,was
too,poor,ripped,disappointed,but,did,not,could,back,would,it,returned,poorly,.,broke,useless,waste,does,didn,cannot,cheap,t,small,tore,was
too,poor,ripped,disappointed,but,did,not,could,back,would,it,returned,poorly,.,broke,useless,waste,does,didn,cannot,cheap,t,small,tore,was
too,poor,ripped,disappointed,but,did,not,could,back,would,it,returned,poorly,.,broke,useless,waste,does,didn,cannot,cheap,t,small,tore,was
too,poor,ripped,disappointed,but,did,cracked,not,back,would,it,returned,poorly,.,thin,broke,useless,waste,does,didn,cannot,t,small,tore,was
too,poor,ripped,disappointed,but,did,cracked,not,back,would,it,returned,poorly,.,thin,broke,useless,waste,does,didn,cannot,t,small,tore,was
too,poor,ripped,disappointed,but,did,cracked,not,back,would,it,returned,poorly,.,thin,broke,useless,waste,does,didn,cannot,t,small,tore,was
too,poor,ripped,disappointed,but,did,cracked,not,back,would,it,returned,poorly,.,thin,broke,useless,waste,does,didn,cannot,t,small,tore,was
too,poor,ripped,disappointed,but,did,cracked,not,back,would,it,returned,poorly,.,thin,broke,useless,waste,does,didn,cannot,t,small,tore,was
too,poor,ripped,disappointed,but,did,cracked,not,back,would,it,returned,poorly,.,thin,broke,useless,waste,does,didn,cannot,t,small,tore,was
too,poor,ripped,disappointed,but,did,cracked,not,back,would,it,returned,poorly,.,thin,broke,useless,waste,does,didn,cannot,t,small,tore,was
too,poor,ripped,disappointed,but,did,cracked,not,back,would,it,returned,poorly,.,thin,broke,useless,waste,does,didn,cannot,t,small,tore,was
too,poor,ripped,disappointed,but,did,cracked,not,back,would,it,returned,poorly,.,thin,broke,useless,waste,does,didn,cannot,t,small,tore,was
too,poor,ripped,disappointed,but,did,cracked,not,back,would,it,returned,poorly,.,thin,broke,useless,waste,does,didn,cannot,t,small,tore,was
too,poor,ripped,disappointed,but,did,cracked,not,could,back,would,it,returned,poorly,.,broke,useless,waste,does,didn,cannot,t,small,tore,was
too,poor,ripped,disappointed,but,did,cracked,not,could,back,would,it,returned,poorly,.,broke,useless,waste,does,didn,cannot,t,small,tore,was
too,poor,ripped,disappointed,but,did,cracked,not,could,back,would,it,returned,poorly,.,broke,useless,waste,does,didn,cannot,t,small,tore,was
too,poor,ripped,disappointed,but,did,cracked,not,could,back,would,it,returned,poorly,.,broke,useless,waste,does,didn,cannot,t,small,tore,was
too,poor,ripped,disappointed,but,did,cracked,not,could,back,would,it,returned,poorly,.,broke,useless,waste,does,didn,cannot,t,small,tore,was
too,poor,ripped,disappointed,but,did,not,could,back,would,it,returned,poorly,.,broke,useless,waste,does,didn,cannot,cheap,t,small,tore,was
too,poor,ripped,disappointed,but,did,not,could,back,would,it,returned,poorly,.,broke,useless,waste,does,didn,cannot,cheap,t,small,tore,was
too,poor,ripped,disappointed,but,did,not,could,back,would,it,returned,poorly,.,broke,useless,waste,does,didn,cannot,cheap,t,small,tore,was
too,poor,ripped,disappointed,but,did,not,could,back,would,it,returned,poorly,.,broke,useless,waste,does,didn,cannot,cheap,t,small,tore,was
too,poor,ripped,disappointed,but,did,not,could,back,would,it,returned,poorly,.,broke,useless,waste,does,didn,cannot,cheap,t,small,tore,was
too,poor,ripped,disappointed,but,did,not,could,back,would,it,returned,poorly,.,broke,useless,waste,does,didn,cannot,cheap,t,small,tore,was
too,poor,ripped,disappointed,but,did,not,could,back,would,it,returned,poorly,.,broke,useless,waste,does,didn,cannot,cheap,t,small,tore,was
too,poor,ripped,disappointed,but,did,not,could,back,would,it,returned,poorly,.,broke,useless,waste,does,didn,cannot,cheap,t,small,tore,was
too,poor,ripped,disappointed,but,did,not,could,back,would,it,returned,poorly,.,broke,useless,waste,does,didn,cannot,cheap,t,small,tore,was
too,poor,ripped,disappointed,but,did,not,back,would,it,returned,poorly,.,thin,broke,useless,waste,does,didn,cannot,cheap,t,small,tore,was
too,poor,ripped,disappointed,but,did,not,back,would,it,returned,poorly,.,thin,broke,useless,waste,does,didn,cannot,cheap,t,small,tore,was
too,poor,ripped,disappointed,but,did,not,back,would,it,returned,poorly,.,thin,broke,useless,waste,does,didn,cannot,cheap,t,small,tore,was
too,poor,ripped,disappointed,but,did,not,back,would,it,returned,poorly,.,thin,broke,useless,waste,does,didn,cannot,cheap,t,small,tore,was
too,poor,ripped,disappointed,but,did,not,back,would,it,returned,poorly,.,thin,broke,useless,waste,does,didn,cannot,cheap,t,small,tore,was
too,poor,ripped,disappointed,but,did,not,back,would,it,returned,poorly,.,thin,broke,useless,waste,does,didn,cannot,cheap,t,small,tore,was
too,poor,ripped,disappointed,but,did,not,back,would,it,returned,poorly,.,thin,broke,useless,waste,does,didn,cannot,cheap,t,small,tore,was
too,poor,ripped,disappointed,but,did,not,back,sucks,would,returned,poorly,.,thin,broke,useless,waste,does,didn,cannot,cheap,t,small,tore,was
too,poor,ripped,disappointed,but,did,not,back,sucks,would,returned,poorly,.,thin,broke,useless,waste,does,didn,cannot,cheap,t,small,tore,was
weak,too,poor,ripped,disappointed,but,did,not,back,would,returned,poorly,.,thin,broke,useless,waste,does,didn,cannot,cheap,t,small,tore,was
weak,too,poor,ripped,disappointed,but,did,not,back,would,returned,poorly,.,thin,broke,useless,waste,does,didn,cannot,cheap,t,small,tore,was
weak,too,poor,ripped,disappointed,but,did,not,back,would,returned,poorly,.,thin,broke,useless,waste,does,didn,cannot,cheap,t,small,tore,was
weak,too,poor,ripped,disappointed,but,did,not,back,would,returned,poorly,.,thin,broke,useless,waste,does,didn,cannot,cheap,t,small,tore,was
weak,too,poor,ripped,disappointed,but,did,not,back,would,returned,poorly,.,thin,broke,useless,waste,does,didn,cannot,cheap,t,small,tore,was
weak,too,poor,ripped,disappointed,but,did,not,back,would,returned,poorly,.,thin,broke,useless,waste,does,didn,cannot,cheap,t,small,tore,was
weak,too,poor,ripped,disappointed,but,did,not,back,would,returned,poorly,.,thin,broke,useless,waste,does,didn,cannot,cheap,t,small,tore,was
weak,too,poor,ripped,disappointed,but,did,not,back,would,returned,poorly,.,thin,broke,useless,waste,does,didn,cannot,fell,t,small,tore,was
weak,too,poor,ripped,disappointed,but,did,not,back,would,returned,poorly,.,thin,broke,useless,waste,does,didn,cannot,fell,t,small,tore,was
weak,too,poor,ripped,disappointed,but,did,not,back,sucks,would,returned,poorly,.,broke,useless,waste,does,didn,cannot,fell,t,small,tore,was
weak,too,poor,ripped,disappointed,but,did,not,back,sucks,would,returned,poorly,.,broke,useless,waste,does,didn,cannot,fell,t,small,tore,was
weak,too,poor,ripped,disappointed,but,did,not,stopped,back,sucks,would,returned,poorly,.,broke,useless,waste,does,didn,fell,t,small,tore,was
weak,too,poor,ripped,disappointed,but,did,not,stopped,back,sucks,would,returned,poorly,.,broke,useless,waste,does,didn,fell,t,small,tore,was
weak,too,poor,ripped,disappointed,but,did,not,stopped,back,sucks,would,returned,poorly,.,broke,useless,waste,does,didn,fell,t,small,tore,was
weak,too,poor,ripped,disappointed,but,did,not,stopped,back,sucks,would,returned,poorly,.,broke,useless,waste,does,didn,cheap,t,small,tore,was
weak,too,poor,ripped,disappointed,but,did,not,stopped,back,sucks,would,returned,poorly,.,broke,useless,waste,does,didn,cheap,t,small,tore,was
weak,too,poor,ripped,disappointed,but,did,not,stopped,back,sucks,would,returned,poorly,.,broke,useless,waste,does,didn,cheap,t,small,tore,was
weak,too,poor,ripped,disappointed,but,did,not,stopped,back,sucks,would,returned,poorly,.,broke,useless,waste,does,didn,cheap,t,small,tore,was
weak,too,poor,ripped,disappointed,but,did,not,stopped,back,sucks,would,returned,poorly,.,broke,useless,waste,does,didn,cheap,t,small,tore,was
weak,too,poor,ripped,disappointed,but,did,not,stopped,back,sucks,would,returned,poorly,.,broke,useless,waste,does,didn,cheap,t,small,tore,was
weak,too,poor,ripped,disappointed,but,did,not,stopped,back,sucks,would,returned,poorly,.,broke,useless,waste,does,didn,cheap,t,small,tore,was
weak,too,poor,ripped,disappointed,but,did,not,stopped,back,sucks,would,returned,poorly,.,broke,useless,waste,does,didn,cheap,t,small,tore,was
weak,too,poor,ripped,disappointed,but,did,not,stopped,back,sucks,would,returned,poorly,.,broke,useless,waste,does,didn,cheap,t,small,tore,was
weak,too,poor,ripped,disappointed,but,did,not,stopped,back,sucks,would,returned,poorly,.,broke,useless,waste,does,didn,cheap,t,small,tore,was
weak,too,poor,ripped,disappointed,but,did,not,stopped,back,sucks,would,returned,poorly,.,broke,useless,waste,does,didn,cheap,t,small,tore,was
weak,too,poor,ripped,disappointed,but,did,not,stopped,back,sucks,would,returned,poorly,.,broke,useless,waste,does,didn,cheap,t,small,tore,was
weak,too,poor,ripped,disappointed,but,did,not,stopped,back,sucks,would,returned,poorly,.,broke,useless,waste,does,didn,cheap,t,small,tore,was
weak,too,poor,ripped,disappointed,but,did,not,stopped,back,sucks,would,returned,poorly,.,broke,useless,waste,does,didn,cheap,t,small,tore,was
weak,too,poor,ripped,disappointed,but,did,not,stopped,back,sucks,would,returned,poorly,.,broke,useless,waste,does,didn,cheap,t,small,tore,was
weak,too,poor,ripped,disappointed,but,did,not,stopped,back,sucks,would,returned,poorly,.,broke,useless,waste,does,didn,cheap,t,small,tore,was
weak,too,poor,ripped,disappointed,but,did,not,stopped,back,sucks,would,returned,poorly,.,broke,useless,waste,does,didn,cheap,t,small,tore,was
weak,too,poor,ripped,disappointed,but,did,not,stopped,back,sucks,would,returned,poorly,.,broke,useless,waste,does,didn,cheap,t,small,tore,was
weak,too,poor,ripped,disappointed,but,did,not,stopped,back,sucks,would,returned,poorly,.,broke,useless,waste,does,didn,cheap,t,small,tore,was
weak,too,poor,ripped,disappointed,but,did,not,stopped,back,sucks,would,returned,poorly,.,broke,useless,waste,does,didn,cheap,t,small,tore,was
weak,too,poor,ripped,disappointed,but,did,not,stopped,back,sucks,would,returned,poorly,.,broke,useless,waste,does,didn,cheap,t,small,tore,was
weak,too,poor,ripped,disappointed,but,did,not,stopped,back,sucks,would,returned,poorly,.,broke,useless,waste,does,didn,cheap,t,small,tore,was
weak,too,poor,ripped,disappointed,but,did,not,stopped,back,sucks,would,returned,poorly,.,broke,useless,waste,does,didn,cheap,t,small,tore,was
weak,too,poor,ripped,disappointed,but,did,not,stopped,back,sucks,would,returned,poorly,.,broke,useless,waste,does,didn,cheap,t,small,tore,was
weak,too,poor,ripped,disappointed,but,did,not,stopped,back,sucks,would,returned,poorly,.,broke,useless,waste,does,didn,cheap,t,small,tore,was
weak,too,poor,ripped,disappointed,but,did,not,stopped,back,sucks,would,returned,poorly,.,broke,useless,waste,does,didn,cheap,t,small,tore,was
weak,too,poor,ripped,disappointed,but,did,not,stopped,back,sucks,would,returned,poorly,.,broke,useless,waste,does,didn,cheap,t,small,tore,was
weak,too,poor,ripped,disappointed,but,did,not,stopped,back,sucks,would,returned,poorly,.,broke,useless,waste,does,didn,cheap,t,small,tore,was
weak,too,poor,ripped,disappointed,but,did,not,stopped,back,sucks,would,returned,poorly,.,broke,useless,waste,does,didn,cheap,t,small,tore,was
weak,too,poor,ripped,disappointed,but,did,not,stopped,back,sucks,would,returned,poorly,.,broke,useless,waste,does,didn,cheap,t,small,tore,was
weak,too,poor,ripped,disappointed,but,did,not,stopped,back,sucks,would,returned,poorly,.,broke,useless,waste,does,didn,cheap,t,small,tore,was
weak,too,poor,ripped,disappointed,but,did,not,stopped,back,sucks,would,returned,poorly,.,broke,useless,waste,does,didn,cheap,t,small,tore,was
weak,too,poor,ripped,disappointed,but,did,not,stopped,back,sucks,would,returned,poorly,.,broke,useless,waste,does,didn,cheap,t,small,tore,was
weak,too,poor,ripped,disappointed,but,did,not,stopped,back,sucks,would,returned,poorly,.,broke,useless,waste,does,didn,cheap,t,small,tore,was
weak,too,poor,ripped,disappointed,but,did,not,stopped,back,sucks,would,returned,poorly,.,broke,useless,waste,does,didn,cheap,t,small,tore,was
weak,too,poor,ripped,disappointed,but,did,not,stopped,back,sucks,would,returned,poorly,.,broke,useless,waste,does,didn,cheap,t,small,tore,was
weak,too,poor,ripped,disappointed,but,did,not,stopped,back,sucks,would,returned,poorly,.,broke,useless,waste,does,didn,cheap,t,small,tore,was
weak,too,poor,ripped,disappointed,but,did,not,stopped,back,sucks,would,returned,poorly,.,broke,useless,waste,does,didn,cheap,t,small,tore,was
weak,too,poor,ripped,disappointed,but,did,not,back,sucks,would,returned,poorly,.,thin,broke,useless,waste,does,didn,cheap,t,small,tore,was
weak,too,poor,ripped,disappointed,but,did,not,back,sucks,would,returned,poorly,.,thin,broke,useless,waste,does,didn,cheap,t,small,tore,was
weak,too,poor,ripped,disappointed,but,did,not,back,sucks,would,returned,poorly,.,thin,broke,useless,waste,does,didn,cheap,t,small,tore,was
weak,too,poor,ripped,disappointed,but,did,not,back,sucks,would,returned,poorly,.,thin,broke,useless,waste,does,didn,cheap,t,small,tore,was
weak,too,poor,ripped,disappointed,but,did,not,back,sucks,would,returned,poorly,.,thin,broke,useless,waste,does,didn,cheap,t,small,tore,was
weak,too,poor,ripped,disappointed,but,did,not,back,sucks,would,returned,poorly,.,thin,broke,useless,waste,does,didn,cheap,t,small,tore,was
weak,too,poor,ripped,disappointed,but,did,not,back,sucks,would,returned,poorly,.,thin,broke,useless,waste,does,didn,cheap,t,small,tore,was
weak,too,poor,ripped,disappointed,but,did,not,back,sucks,would,returned,poorly,.,thin,broke,useless,waste,does,didn,cheap,t,small,tore,was
weak,too,poor,ripped,disappointed,but,did,not,back,sucks,would,returned,poorly,.,thin,broke,useless,waste,does,didn,cheap,t,small,tore,was
weak,too,poor,ripped,disappointed,but,did,not,back,sucks,would,returned,poorly,.,thin,broke,useless,waste,does,didn,cheap,t,small,tore,was
weak,too,poor,ripped,disappointed,but,did,not,back,sucks,would,returned,poorly,.,thin,broke,useless,waste,does,didn,cheap,t,small,tore,was
weak,too,poor,ripped,disappointed,but,did,not,back,sucks,would,returned,poorly,.,thin,broke,useless,waste,does,didn,cheap,t,small,tore,was
weak,too,poor,ripped,disappointed,but,did,cracked,not,back,would,returned,poorly,.,thin,broke,useless,waste,does,didn,cheap,t,small,tore,was
weak,too,poor,ripped,disappointed,but,did,cracked,not,back,would,returned,poorly,.,thin,broke,useless,waste,does,didn,cheap,t,small,tore,was
weak,too,poor,ripped,disappointed,but,did,cracked,not,back,would,returned,poorly,.,thin,broke,useless,waste,does,didn,plastic,t,small,tore,was
weak,too,poor,ripped,disappointed,but,did,cracked,not,back,would,returned,poorly,.,thin,broke,useless,waste,does,didn,plastic,t,small,tore,was
weak,too,poor,ripped,disappointed,but,did,cracked,not,back,would,returned,poorly,.,thin,broke,useless,waste,does,didn,plastic,t,small,tore,was
weak,too,poor,ripped,disappointed,but,did,cracked,not,back,would,returned,poorly,.,thin,broke,useless,waste,does,didn,plastic,t,small,tore,was
weak,too,poor,ripped,disappointed,but,did,cracked,not,back,would,returned,poorly,.,thin,broke,useless,waste,does,didn,plastic,t,small,tore,was
weak,too,poor,ripped,disappointed,but,did,cracked,not,back,would,returned,poorly,.,thin,broke,useless,waste,does,didn,plastic,t,small,tore,was
weak,too,poor,ripped,disappointed,but,did,cracked,not,back,would,returned,poorly,.,thin,broke,useless,waste,does,didn,plastic,t,small,tore,was
weak,too,poor,ripped,disappointed,but,did,cracked,not,back,would,it,returned,poorly,.,thin,broke,useless,waste,does,didn,t,small,tore,was
weak,too,poor,ripped,disappointed,but,did,cracked,not,back,would,it,returned,poorly,.,thin,broke,useless,waste,does,didn,t,small,tore,was
weak,too,poor,ripped,disappointed,but,did,cracked,not,back,would,it,returned,poorly,.,thin,broke,useless,waste,does,didn,t,small,tore,was
weak,too,poor,ripped,disappointed,but,did,cracked,not,back,would,returned,poorly,.,thin,broke,useless,waste,does,didn,cheap,t,small,tore,was
weak,too,poor,ripped,disappointed,but,did,cracked,not,back,would,returned,poorly,.,thin,broke,useless,waste,does,didn,cheap,t,small,tore,was
weak,too,poor,ripped,disappointed,but,did,cracked,not,back,would,returned,poorly,.,thin,broke,useless,waste,does,didn,cheap,t,small,tore,was
weak,too,poor,ripped,disappointed,but,did,cracked,not,back,would,returned,poorly,.,thin,broke,useless,waste,does,didn,cheap,t,small,tore,was
weak,too,poor,ripped,disappointed,but,did,cracked,not,back,would,returned,poorly,.,thin,broke,useless,waste,does,didn,cheap,t,small,tore,was
weak,too,poor,ripped,disappointed,but,did,cracked,not,back,would,returned,poorly,.,thin,broke,useless,waste,does,didn,cheap,t,small,tore,was
weak,too,poor,ripped,disappointed,but,did,cracked,not,back,would,returned,poorly,.,thin,broke,useless,waste,does,didn,cheap,t,small,tore,was
weak,too,poor,ripped,disappointed,but,did,cracked,not,back,would,it,returned,poorly,.,thin,broke,useless,waste,does,didn,cheap,t,tore,was
weak,too,poor,ripped,disappointed,but,did,cracked,not,back,would,it,returned,poorly,.,thin,broke,useless,waste,does,didn,cheap,t,tore,was
weak,too,poor,ripped,disappointed,but,did,cracked,not,back,would,it,returned,poorly,.,thin,broke,useless,waste,does,didn,cheap,t,tore,was
weak,too,poor,ripped,disappointed,but,did,cracked,not,back,would,it,returned,poorly,.,thin,broke,useless,waste,does,didn,cheap,t,tore,was
weak,too,poor,ripped,disappointed,but,did,cracked,not,back,would,it,returned,poorly,.,thin,broke,useless,waste,does,didn,cheap,t,tore,was
weak,too,poor,ripped,disappointed,but,did,cracked,not,back,would,it,returned,poorly,.,thin,broke,useless,waste,does,didn,cheap,t,tore,was
too,poor,ripped,disappointed,but,did,cracked,not,back,would,it,returned,poorly,.,thin,broke,useless,waste,does,didn,cheap,t,plastic,tore,was
too,poor,ripped,disappointed,but,did,cracked,not,back,would,it,returned,poorly,.,thin,broke,useless,waste,does,didn,cheap,t,plastic,tore,was
too,poor,ripped,disappointed,but,did,cracked,not,back,would,it,returned,poorly,.,thin,broke,useless,waste,does,didn,cheap,t,plastic,tore,was
too,poor,ripped,disappointed,but,did,cracked,not,back,would,it,returned,poorly,.,thin,broke,useless,waste,does,didn,cheap,t,plastic,tore,was
too,poor,ripped,disappointed,but,did,cracked,not,back,would,it,returned,poorly,.,thin,broke,useless,waste,does,didn,cheap,t,plastic,tore,was
too,poor,ripped,disappointed,but,did,cracked,not,back,would,it,returned,poorly,.,thin,broke,useless,waste,does,didn,cheap,t,plastic,tore,was
too,poor,ripped,disappointed,but,did,cracked,not,back,would,it,returned,poorly,.,thin,broke,useless,waste,does,didn,fell,t,plastic,tore,was
too,poor,ripped,disappointed,but,did,cracked,not,back,would,it,returned,poorly,.,thin,broke,useless,waste,does,didn,fell,t,plastic,tore,was
too,poor,ripped,disappointed,but,did,cracked,not,back,would,it,returned,poorly,.,thin,broke,useless,waste,does,didn,fell,t,plastic,tore,was
too,poor,ripped,disappointed,but,did,cracked,not,back,would,it,returned,poorly,.,thin,broke,useless,waste,does,didn,fell,t,plastic,tore,was
too,poor,ripped,disappointed,but,did,cracked,not,back,would,it,returned,poorly,.,thin,broke,useless,waste,does,didn,fell,t,plastic,tore,was
too,poor,ripped,disappointed,but,did,cracked,not,back,would,it,returned,poorly,.,thin,broke,useless,waste,does,didn,fell,t,plastic,tore,was
too,poor,ripped,disappointed,but,did,cracked,not,back,would,it,returned,poorly,.,thin,broke,useless,waste,does,didn,fell,t,plastic,tore,was
too,poor,ripped,disappointed,but,did,cracked,not,back,would,it,returned,poorly,.,thin,broke,useless,waste,does,didn,fell,t,plastic,tore,was
too,poor,ripped,disappointed,but,did,cracked,not,back,would,it,returned,poorly,.,thin,broke,useless,waste,does,didn,fell,t,plastic,tore,was
too,poor,ripped,disappointed,but,did,cracked,not,back,would,it,returned,poorly,.,thin,broke,useless,waste,does,didn,fell,t,plastic,tore,was
too,poor,ripped,disappointed,but,did,cracked,not,back,would,it,returned,poorly,.,thin,broke,useless,waste,does,didn,fell,t,plastic,tore,was
too,poor,ripped,disappointed,but,did,cracked,not,back,would,it,returned,poorly,.,thin,broke,useless,waste,does,didn,fell,t,plastic,tore,was
too,poor,ripped,disappointed,but,did,cracked,not,back,would,it,returned,poorly,.,thin,broke,useless,waste,does,didn,fell,t,plastic,tore,was
too,poor,ripped,disappointed,but,did,cracked,not,back,would,it,returned,poorly,.,thin,broke,useless,waste,does,didn,fell,t,plastic,tore,was
too,poor,ripped,disappointed,but,did,cracked,not,back,would,it,returned,poorly,.,thin,broke,useless,waste,does,didn,fell,t,plastic,tore,was
too,poor,ripped,disappointed,but,did,cracked,not,back,would,it,returned,poorly,.,thin,broke,useless,waste,does,didn,fell,t,plastic,tore,was
too,poor,ripped,disappointed,but,did,cracked,not,back,would,it,returned,poorly,.,thin,broke,useless,waste,does,didn,fell,t,plastic,tore,was
too,poor,ripped,disappointed,but,did,cracked,not,back,would,it,returned,poorly,.,thin,broke,useless,waste,does,didn,fell,t,plastic,tore,was
too,uncomfortable,poor,ripped,disappointed,but,did,not,back,would,it,returned,poorly,.,thin,broke,useless,waste,does,didn,fell,t,plastic,tore,was
too,uncomfortable,poor,ripped,disappointed,but,did,not,back,would,it,returned,poorly,.,thin,broke,useless,waste,does,didn,fell,t,plastic,tore,was
too,uncomfortable,poor,ripped,disappointed,but,did,not,back,would,it,returned,poorly,.,thin,broke,useless,waste,does,didn,fell,t,plastic,tore,was
too,uncomfortable,poor,ripped,disappointed,but,did,not,back,would,it,returned,poorly,.,thin,broke,useless,waste,does,didn,fell,t,plastic,tore,was
too,uncomfortable,poor,ripped,disappointed,but,did,not,back,would,it,returned,poorly,.,thin,broke,useless,waste,does,didn,fell,t,plastic,tore,was
too,uncomfortable,poor,ripped,disappointed,but,did,not,back,would,it,returned,poorly,.,thin,broke,useless,waste,does,didn,fell,t,plastic,tore,was
too,uncomfortable,poor,ripped,disappointed,but,did,not,back,would,it,returned,poorly,.,thin,broke,useless,waste,does,didn,fell,t,plastic,tore,was
too,uncomfortable,poor,ripped,disappointed,but,did,not,back,would,it,returned,poorly,.,thin,broke,useless,waste,does,didn,fell,t,plastic,tore,was
too,uncomfortable,poor,ripped,disappointed,but,did,not,back,would,it,returned,poorly,.,thin,broke,useless,waste,does,didn,fell,t,plastic,tore,was
too,poor,ripped,disappointed,but,did,not,back,would,it,returned,poorly,.,thin,broke,useless,waste,does,didn,fell,size,t,plastic,small,was
too,poor,ripped,disappointed,but,did,not,back,would,it,returned,poorly,.,thin,broke,useless,waste,does,didn,fell,size,t,plastic,small,was
too,poor,ripped,disappointed,but,did,not,back,would,it,returned,poorly,.,thin,broke,useless,waste,does,didn,fell,size,t,plastic,small,was
too,poor,ripped,disappointed,but,did,not,back,would,it,returned,poorly,.,thin,broke,useless,waste,does,didn,fell,size,t,plastic,small,was
too,poor,ripped,disappointed,but,did,not,back,would,it,returned,poorly,.,thin,broke,useless,waste,does,didn,fell,size,t,plastic,small,was
too,poor,ripped,disappointed,but,did,not,back,would,it,returned,poorly,.,thin,broke,useless,waste,does,didn,fell,size,t,plastic,small,was
too,poor,ripped,disappointed,but,did,not,back,would,it,returned,poorly,.,thin,broke,useless,waste,does,didn,fell,size,t,plastic,small,was
too,poor,ripped,disappointed,but,did,not,back,would,it,returned,poorly,.,thin,broke,useless,waste,does,didn,fell,size,t,plastic,small,was
too,poor,ripped,disappointed,but,did,not,back,would,it,returned,poorly,.,thin,broke,useless,waste,does,didn,fell,size,t,plastic,small,was
too,poor,ripped,disappointed,but,did,not,back,would,it,returned,poorly,.,thin,broke,useless,waste,does,didn,fell,size,t,plastic,small,was
too,poor,ripped,disappointed,but,did,not,back,would,it,returned,poorly,.,thin,broke,useless,waste,does,didn,fell,size,t,plastic,small,was
too,poor,ripped,disappointed,but,did,not,back,would,it,returned,poorly,.,thin,broke,useless,waste,does,didn,fell,size,t,plastic,small,was
too,poor,ripped,disappointed,but,did,not,back,would,it,returned,poorly,.,thin,broke,useless,waste,does,didn,fell,size,t,plastic,small,was
too,poor,ripped,disappointed,but,did,not,back,would,it,returned,poorly,.,thin,broke,useless,waste,does,didn,fell,size,t,plastic,small,was
too,poor,ripped,disappointed,but,did,not,back,would,it,returned,poorly,.,thin,broke,useless,waste,does,didn,fell,size,t,plastic,small,was
too,poor,ripped,disappointed,but,did,not,back,would,it,returned,poorly,.,thin,broke,useless,waste,does,didn,fell,size,t,plastic,small,was
too,uncomfortable,poor,ripped,disappointed,but,did,not,back,would,it,returned,poorly,.,broke,useless,waste,does,didn,fell,size,t,plastic,small,was
too,uncomfortable,poor,ripped,disappointed,but,did,not,back,would,it,returned,poorly,.,broke,useless,waste,does,didn,fell,size,t,plastic,small,was
too,uncomfortable,poor,ripped,disappointed,but,did,not,back,would,it,returned,poorly,.,broke,useless,waste,does,didn,fell,size,t,plastic,small,was
too,uncomfortable,poor,ripped,disappointed,but,did,not,back,would,it,returned,poorly,.,broke,useless,waste,does,didn,fell,size,t,plastic,small,was
too,uncomfortable,poor,ripped,disappointed,but,did,not,back,would,it,returned,poorly,.,broke,useless,waste,does,didn,fell,size,t,plastic,small,was
too,uncomfortable,poor,ripped,disappointed,but,did,not,back,would,it,returned,poorly,.,broke,useless,waste,does,didn,fell,size,t,plastic,small,was
too,uncomfortable,poor,ripped,disappointed,but,did,not,back,would,it,returned,poorly,.,broke,useless,waste,does,didn,fell,size,t,plastic,small,was
too,uncomfortable,poor,ripped,disappointed,but,did,not,back,would,it,returned,poorly,.,broke,useless,waste,does,didn,fell,size,t,plastic,small,was
too,uncomfortable,poor,ripped,disappointed,but,did,not,back,would,it,returned,poorly,.,broke,useless,waste,does,didn,fell,size,t,plastic,small,was
too,uncomfortable,poor,ripped,disappointed,but,did,not,back,would,it,returned,poorly,.,broke,useless,waste,does,didn,fell,size,t,plastic,small,was
too,uncomfortable,poor,ripped,disappointed,but,did,not,back,would,it,returned,poorly,.,broke,useless,waste,does,didn,fell,size,t,plastic,small,was
too,uncomfortable,poor,ripped,disappointed,but,did,not,back,would,it,returned,poorly,.,broke,useless,waste,does,didn,fell,size,t,plastic,small,was
too,uncomfortable,poor,ripped,disappointed,but,did,not,back,would,it,returned,poorly,.,broke,useless,waste,does,didn,fell,size,t,plastic,small,was
too,uncomfortable,poor,ripped,disappointed,but,did,not,back,would,it,returned,poorly,.,broke,useless,waste,does,didn,fell,size,t,plastic,small,was
too,uncomfortable,poor,ripped,disappointed,but,did,not,back,would,it,returned,poorly,.,broke,useless,waste,does,didn,fell,size,t,plastic,small,was
too,uncomfortable,poor,ripped,disappointed,but,did,not,back,would,it,returned,poorly,.,broke,useless,waste,does,didn,fell,size,t,plastic,small,was
too,uncomfortable,poor,ripped,disappointed,but,did,not,back,would,it,returned,poorly,.,broke,useless,waste,does,didn,fell,size,t,plastic,small,was
too,uncomfortable,poor,ripped,disappointed,but,did,not,back,would,it,returned,poorly,.,broke,useless,waste,does,didn,fell,size,t,plastic,small,was
too,uncomfortable,poor,ripped,disappointed,but,did,not,back,would,it,returned,poorly,.,broke,useless,waste,does,didn,fell,size,t,plastic,small,was
too,uncomfortable,poor,ripped,disappointed,but,did,not,back,would,it,returned,poorly,.,broke,useless,waste,does,didn,fell,size,t,plastic,small,was
too,uncomfortable,poor,ripped,disappointed,but,did,not,back,would,it,returned,poorly,.,broke,useless,waste,does,didn,fell,size,t,plastic,small,was
too,uncomfortable,poor,ripped,disappointed,but,did,not,back,would,it,returned,poorly,.,broke,useless,waste,does,didn,fell,size,t,plastic,small,was
too,uncomfortable,poor,ripped,disappointed,but,did,not,back,would,it,returned,poorly,.,broke,useless,waste,does,didn,fell,size,t,plastic,small,was
too,uncomfortable,poor,disappointed,but,did,not,back,would,it,returned,poorly,.,broke,useless,waste,does,didn,fell,size,t,plastic,small,the,was
too,uncomfortable,poor,disappointed,but,did,not,back,would,it,returned,poorly,.,broke,useless,waste,does,didn,fell,size,t,plastic,small,the,was
too,uncomfortable,poor,disappointed,but,did,not,back,would,it,returned,poorly,.,broke,useless,waste,does,didn,fell,size,t,plastic,small,the,was
too,poor,ripped,disappointed,but,did,not,back,would,it,returned,poorly,.,broke,useless,waste,does,didn,fell,size,t,plastic,small,the,was
too,poor,ripped,disappointed,but,did,not,back,would,it,returned,poorly,.,broke,useless,waste,does,didn,fell,size,t,plastic,small,the,was
too,poor,ripped,disappointed,but,did,not,back,would,it,returned,poorly,.,broke,useless,waste,does,didn,fell,size,t,plastic,small,the,was
too,poor,ripped,disappointed,but,did,not,back,would,it,returned,poorly,.,broke,useless,waste,does,didn,fell,size,t,plastic,small,the,was
too,poor,ripped,disappointed,but,did,not,back,would,it,returned,poorly,.,broke,useless,waste,does,didn,fell,size,t,plastic,small,the,was
too,poor,ripped,disappointed,but,did,not,back,would,it,returned,poorly,.,broke,useless,waste,does,didn,fell,size,t,plastic,small,the,was
too,poor,ripped,disappointed,but,did,not,back,would,it,returned,poorly,.,broke,useless,waste,does,didn,fell,size,t,plastic,small,the,was
too,poor,ripped,disappointed,but,did,not,back,would,it,returned,poorly,.,broke,useless,waste,does,didn,fell,size,t,plastic,small,the,was
too,poor,ripped,disappointed,but,did,not,back,would,it,returned,poorly,.,broke,useless,waste,does,didn,fell,size,t,plastic,small,the,was
too,poor,ripped,disappointed,but,did,not,back,would,it,returned,poorly,.,broke,useless,waste,does,didn,fell,size,t,plastic,small,the,was
too,poor,ripped,disappointed,but,did,not,back,would,it,returned,poorly,.,broke,useless,waste,does,didn,fell,size,t,plastic,small,the,was
too,poor,ripped,disappointed,but,did,not,back,would,it,returned,poorly,.,broke,useless,waste,does,didn,fell,size,t,plastic,small,the,was
too,poor,ripped,disappointed,but,did,not,back,would,it,returned,poorly,.,broke,useless,waste,does,didn,fell,size,t,plastic,small,the,was
too,poor,ripped,disappointed,but,did,not,back,would,it,returned,poorly,.,thin,broke,useless,waste,does,didn,size,t,plastic,small,the,was
too,poor,ripped,disappointed,but,did,not,back,would,it,returned,poorly,.,thin,broke,useless,waste,does,didn,size,t,plastic,small,the,was
too,poor,ripped,disappointed,but,did,not,back,would,it,returned,poorly,.,thin,broke,useless,waste,does,didn,size,t,plastic,small,the,was
too,poor,ripped,disappointed,but,did,not,back,would,it,returned,poorly,.,thin,broke,useless,waste,does,didn,size,t,plastic,small,the,was
too,poor,ripped,disappointed,but,did,not,back,would,it,returned,poorly,.,thin,broke,useless,waste,does,didn,size,t,plastic,small,the,was
too,poor,ripped,disappointed,but,did,not,back,would,it,returned,poorly,.,thin,broke,useless,waste,does,didn,size,t,plastic,small,the,was
too,poor,ripped,disappointed,but,did,not,back,would,it,returned,poorly,.,thin,broke,useless,waste,does,didn,size,t,plastic,small,the,was
too,poor,ripped,disappointed,but,did,not,back,would,it,returned,poorly,.,thin,broke,useless,waste,does,didn,size,t,plastic,small,the,was
too,poor,ripped,disappointed,but,did,not,back,would,it,returned,poorly,.,thin,broke,useless,waste,does,didn,size,t,plastic,small,the,was
too,poor,ripped,disappointed,but,did,not,back,would,it,returned,poorly,.,thin,broke,useless,waste,does,didn,size,t,plastic,small,the,was
too,poor,ripped,disappointed,but,did,not,back,would,it,returned,poorly,.,thin,broke,useless,waste,does,didn,size,t,plastic,small,the,was
too,poor,ripped,disappointed,but,did,not,back,would,it,returned,poorly,.,thin,broke,useless,waste,does,didn,size,t,plastic,small,the,was
too,poor,ripped,disappointed,but,did,not,back,would,it,returned,poorly,.,thin,broke,useless,waste,does,didn,size,t,plastic,small,the,was
too,poor,ripped,disappointed,but,did,not,back,would,it,returned,poorly,.,thin,broke,useless,waste,does,didn,size,t,plastic,small,the,was
too,poor,ripped,disappointed,but,did,not,back,would,it,returned,poorly,.,thin,broke,useless,waste,does,didn,size,t,plastic,small,the,was
too,poor,ripped,disappointed,but,did,not,back,would,it,returned,poorly,.,thin,broke,useless,waste,does,didn,size,t,plastic,small,the,was
too,poor,ripped,disappointed,but,did,not,back,would,it,returned,poorly,.,thin,broke,useless,waste,does,didn,size,t,plastic,small,the,was
too,poor,ripped,disappointed,but,did,not,back,would,it,returned,poorly,.,thin,broke,useless,waste,does,didn,size,t,plastic,small,the,was
too,poor,ripped,disappointed,but,did,not,back,would,it,returned,poorly,.,thin,broke,useless,waste,does,didn,size,t,plastic,small,the,was
too,poor,ripped,disappointed,but,did,not,back,would,it,returned,poorly,.,thin,broke,useless,waste,does,didn,size,t,plastic,small,the,was
too,poor,ripped,disappointed,but,did,not,back,would,it,returned,poorly,.,thin,broke,useless,waste,does,didn,size,t,plastic,small,the,was
too,poor,ripped,disappointed,but,did,not,back,would,it,returned,poorly,.,thin,broke,useless,waste,does,didn,size,t,plastic,small,the,was
too,poor,ripped,disappointed,but,did,not,back,would,it,returned,poorly,.,thin,broke,useless,waste,does,didn,size,t,plastic,small,the,was
too,poor,ripped,disappointed,but,did,not,back,would,it,returned,poorly,.,thin,broke,useless,waste,does,didn,size,t,plastic,small,the,was
too,poor,ripped,disappointed,but,did,not,back,would,it,returned,poorly,.,thin,broke,useless,waste,does,didn,size,t,plastic,small,the,was
too,poor,ripped,disappointed,but,did,not,back,would,it,returned,poorly,.,thin,broke,useless,waste,does,didn,size,t,plastic,small,the,was
too,poor,ripped,disappointed,but,did,not,back,would,it,returned,poorly,.,thin,broke,useless,waste,does,didn,size,t,plastic,small,the,was
too,poor,ripped,disappointed,but,did,not,back,would,it,returned,poorly,.,thin,broke,useless,waste,does,didn,size,t,plastic,small,the,was
too,poor,ripped,disappointed,but,did,not,back,would,it,returned,poorly,.,thin,broke,useless,waste,does,didn,size,t,plastic,small,the,was
too,poor,ripped,disappointed,but,did,not,back,would,it,returned,poorly,.,thin,broke,useless,waste,does,didn,size,t,plastic,small,the,was
too,poor,ripped,disappointed,but,did,not,back,would,it,returned,poorly,.,thin,broke,useless,waste,does,didn,size,t,plastic,small,the,was
too,poor,ripped,disappointed,but,did,not,back,would,it,returned,poorly,.,thin,broke,useless,waste,does,didn,size,t,plastic,small,the,was
too,poor,ripped,disappointed,but,did,not,back,would,it,returned,poorly,.,thin,broke,useless,waste,does,didn,size,t,plastic,small,the,was
too,poor,ripped,disappointed,but,did,not,back,would,it,returned,poorly,.,thin,broke,useless,waste,does,didn,size,t,plastic,small,the,was
too,poor,ripped,disappointed,but,did,not,back,would,it,returned,poorly,.,thin,broke,useless,waste,does,didn,size,t,plastic,small,the,was
too,poor,ripped,disappointed,but,did,not,back,would,it,returned,poorly,.,thin,broke,useless,waste,does,didn,size,t,plastic,small,the,was
too,poor,ripped,disappointed,but,did,not,back,would,it,returned,poorly,.,thin,broke,useless,waste,does,didn,size,t,plastic,small,the,was
too,poor,ripped,disappointed,but,did,not,back,would,it,returned,poorly,.,thin,broke,useless,waste,does,didn,size,t,plastic,small,the,was
too,poor,ripped,disappointed,but,did,not,back,would,it,returned,poorly,.,thin,broke,useless,waste,does,didn,size,t,plastic,small,the,was
too,poor,ripped,disappointed,but,did,not,back,would,it,returned,poorly,.,thin,broke,useless,waste,does,didn,size,t,plastic,small,the,was
too,poor,ripped,disappointed,but,did,not,back,would,it,returned,poorly,.,thin,broke,useless,waste,does,didn,size,t,plastic,small,the,was
too,poor,ripped,disappointed,but,did,not,back,would,it,returned,poorly,.,thin,broke,useless,waste,does,didn,size,t,plastic,small,the,was
too,poor,ripped,disappointed,but,did,not,back,would,it,returned,poorly,.,thin,broke,useless,waste,does,didn,size,t,plastic,small,the,was
too,poor,ripped,disappointed,but,did,not,back,would,it,returned,poorly,.,thin,broke,useless,waste,does,didn,size,t,plastic,small,the,was
too,poor,ripped,disappointed,but,did,not,back,would,it,returned,poorly,.,thin,broke,useless,waste,does,didn,size,t,plastic,small,the,was
too,poor,ripped,disappointed,but,did,not,back,would,it,returned,poorly,.,thin,broke,useless,waste,does,didn,size,t,plastic,small,the,was
too,poor,ripped,disappointed,but,did,not,back,would,it,returned,poorly,.,thin,broke,useless,waste,does,didn,size,t,plastic,small,the,was
too,poor,ripped,disappointed,but,did,not,back,would,it,returned,poorly,.,thin,broke,useless,waste,does,didn,size,t,plastic,small,the,was
too,poor,ripped,disappointed,but,did,not,back,would,it,returned,poorly,.,thin,broke,useless,waste,does,didn,size,t,plastic,small,the,was
too,poor,ripped,disappointed,but,did,not,back,would,it,returned,poorly,.,thin,broke,useless,waste,does,didn,size,t,plastic,small,the,was
too,poor,ripped,disappointed,but,did,not,back,would,it,returned,poorly,.,thin,broke,useless,waste,does,didn,size,t,plastic,small,the,was
too,poor,ripped,disappointed,but,did,not,back,would,it,returned,poorly,.,thin,broke,useless,waste,does,didn,size,t,plastic,small,the,was
too,poor,ripped,disappointed,but,did,not,back,would,it,returned,poorly,.,thin,broke,useless,waste,does,didn,size,t,plastic,small,the,was
too,poor,ripped,disappointed,but,did,not,back,would,it,returned,poorly,.,thin,broke,useless,waste,does,didn,size,t,plastic,small,the,was
too,poor,ripped,disappointed,but,did,not,back,would,it,returned,poorly,.,thin,broke,useless,waste,does,didn,size,t,plastic,small,the,was
too,poor,ripped,disappointed,but,did,not,back,would,it,returned,poorly,.,thin,broke,useless,waste,does,didn,size,t,plastic,small,the,was
too,poor,ripped,disappointed,but,did,not,back,would,it,returned,poorly,.,thin,broke,useless,waste,does,didn,size,t,plastic,small,the,was
too,poor,ripped,disappointed,but,did,not,back,would,it,returned,poorly,.,thin,broke,useless,waste,does,didn,size,t,plastic,small,the,was
too,poor,ripped,disappointed,but,did,not,back,would,it,returned,poorly,.,thin,broke,useless,waste,does,didn,size,t,plastic,small,the,was
too,poor,ripped,disappointed,but,did,not,back,would,it,returned,poorly,.,thin,broke,useless,waste,does,didn,size,t,plastic,small,the,was
too,poor,ripped,disappointed,but,did,not,back,would,it,returned,poorly,.,thin,broke,useless,waste,does,didn,size,t,plastic,small,the,was
too,poor,ripped,disappointed,but,did,not,back,would,it,returned,poorly,.,thin,broke,useless,waste,does,didn,size,t,plastic,small,the,was
too,poor,ripped,disappointed,but,did,not,back,would,it,returned,poorly,.,thin,broke,useless,waste,does,didn,size,t,plastic,small,the,was
too,poor,ripped,disappointed,but,did,not,back,would,it,returned,poorly,.,thin,broke,useless,waste,does,didn,size,t,plastic,small,the,was
too,poor,ripped,disappointed,but,did,not,back,would,it,returned,poorly,.,thin,broke,useless,waste,does,didn,size,t,plastic,small,the,was
too,poor,ripped,disappointed,but,did,not,back,would,it,returned,poorly,.,thin,broke,useless,waste,does,didn,size,t,plastic,small,the,was
too,poor,ripped,disappointed,but,did,not,back,would,it,returned,poorly,.,thin,broke,useless,waste,does,didn,size,t,plastic,small,the,was
too,poor,ripped,disappointed,but,did,not,back,would,it,returned,poorly,.,thin,broke,useless,waste,does,didn,size,t,plastic,small,the,was
too,poor,ripped,disappointed,but,did,not,back,would,it,returned,poorly,.,thin,broke,useless,waste,does,didn,size,t,plastic,small,the,was
too,poor,ripped,disappointed,but,did,not,back,would,it,returned,poorly,.,thin,broke,useless,waste,does,didn,size,t,plastic,small,the,was
too,poor,ripped,disappointed,but,did,not,back,would,it,returned,poorly,.,thin,broke,useless,waste,does,didn,size,t,plastic,small,the,was
too,poor,ripped,disappointed,but,did,not,back,would,it,returned,poorly,.,thin,broke,useless,waste,does,didn,size,t,plastic,small,the,was
too,poor,ripped,disappointed,but,did,not,back,would,it,returned,poorly,.,thin,broke,useless,waste,does,didn,size,t,plastic,small,the,was
too,poor,ripped,disappointed,but,did,not,back,would,it,returned,poorly,.,thin,broke,useless,waste,does,didn,size,t,plastic,small,the,was
too,poor,ripped,disappointed,but,did,not,back,would,it,returned,poorly,.,thin,broke,useless,waste,does,didn,size,t,plastic,small,the,was
too,poor,ripped,disappointed,but,did,not,back,would,it,returned,poorly,.,thin,broke,useless,waste,does,didn,size,t,plastic,small,the,was
too,poor,ripped,disappointed,but,did,not,back,would,it,returned,poorly,.,thin,broke,useless,waste,does,didn,size,t,plastic,small,the,was
too,poor,ripped,disappointed,but,did,not,back,would,it,returned,poorly,.,thin,broke,useless,waste,does,didn,size,t,plastic,small,the,was
too,poor,ripped,disappointed,but,did,not,back,would,it,returned,poorly,.,thin,broke,useless,waste,does,didn,size,t,plastic,small,the,was
too,poor,ripped,disappointed,but,did,not,back,would,it,returned,poorly,.,thin,broke,useless,waste,does,didn,size,t,plastic,small,the,was
too,poor,ripped,disappointed,but,did,not,back,would,it,returned,poorly,.,thin,broke,useless,waste,does,didn,size,t,plastic,small,the,was
too,poor,ripped,disappointed,but,did,not,back,would,it,returned,poorly,.,thin,broke,useless,waste,does,didn,size,t,plastic,small,the,was
too,poor,ripped,disappointed,but,did,not,back,would,it,returned,poorly,.,thin,broke,useless,waste,does,didn,size,t,plastic,small,the,was
too,poor,ripped,disappointed,but,did,not,back,would,it,returned,poorly,.,thin,broke,useless,waste,does,didn,size,t,plastic,small,the,was
too,poor,ripped,disappointed,but,did,not,back,would,it,returned,poorly,.,thin,broke,useless,waste,does,didn,size,t,plastic,small,the,was
too,poor,ripped,disappointed,but,did,not,back,would,it,returned,poorly,.,thin,broke,useless,waste,does,didn,size,t,plastic,small,the,was
too,poor,ripped,disappointed,but,did,not,back,would,it,returned,poorly,.,thin,broke,useless,waste,does,didn,size,t,plastic,small,the,was
too,poor,ripped,disappointed,but,did,not,back,would,it,returned,poorly,.,thin,broke,useless,waste,does,didn,size,t,plastic,small,the,was
too,poor,ripped,disappointed,but,did,not,back,would,it,returned,poorly,.,thin,broke,useless,waste,does,didn,size,t,plastic,small,the,was
too,poor,ripped,disappointed,but,did,not,back,would,it,returned,poorly,.,thin,broke,useless,waste,does,didn,size,t,plastic,small,the,was
too,poor,ripped,disappointed,but,did,not,back,would,it,returned,poorly,.,thin,broke,useless,waste,does,didn,size,t,plastic,small,the,was
too,poor,ripped,disappointed,but,did,not,back,would,it,returned,poorly,.,thin,broke,useless,waste,does,didn,size,t,plastic,small,the,was
too,poor,ripped,disappointed,but,did,not,back,would,it,returned,poorly,.,thin,broke,useless,waste,does,didn,size,t,plastic,small,the,was
too,poor,ripped,disappointed,but,did,not,back,would,it,returned,poorly,.,thin,broke,useless,waste,does,didn,size,t,plastic,small,the,was
too,poor,ripped,disappointed,but,did,not,back,would,it,returned,poorly,.,thin,broke,useless,waste,does,didn,size,t,plastic,small,the,was
too,poor,ripped,disappointed,but,did,not,back,would,it,returned,poorly,.,thin,broke,useless,waste,does,didn,size,t,plastic,small,the,was
too,poor,ripped,disappointed,but,did,not,back,would,it,returned,poorly,.,thin,broke,useless,waste,does,didn,size,t,plastic,small,the,was
too,poor,ripped,disappointed,but,did,not,back,would,it,returned,poorly,.,thin,broke,useless,waste,does,didn,size,t,plastic,small,the,was
too,poor,ripped,disappointed,but,did,not,back,would,it,returned,poorly,.,thin,broke,useless,waste,does,didn,size,t,plastic,small,the,was
too,poor,ripped,disappointed,but,did,not,back,would,it,returned,poorly,.,thin,broke,useless,waste,does,didn,size,t,plastic,small,the,was
too,poor,ripped,disappointed,but,did,not,back,would,it,returned,poorly,.,thin,broke,useless,waste,does,didn,size,t,plastic,small,the,was
too,poor,ripped,disappointed,but,did,not,back,would,it,returned,poorly,.,thin,broke,useless,waste,does,didn,size,t,plastic,small,the,was
too,poor,ripped,disappointed,but,did,not,back,would,it,returned,poorly,.,thin,broke,useless,waste,does,didn,size,t,plastic,small,the,was
too,poor,ripped,disappointed,but,did,not,back,would,it,returned,poorly,.,thin,broke,useless,waste,does,didn,size,t,plastic,small,the,was
too,poor,ripped,disappointed,but,did,not,back,would,it,returned,poorly,.,thin,broke,useless,waste,does,didn,size,t,plastic,small,the,was
too,poor,ripped,disappointed,but,did,not,back,would,it,returned,poorly,.,thin,broke,useless,waste,does,didn,size,t,plastic,small,the,was
too,poor,ripped,disappointed,but,did,not,back,would,it,returned,poorly,.,thin,broke,useless,waste,does,didn,size,t,plastic,small,the,was
too,fit,poor,disappointed,but,did,not,back,would,it,returned,poorly,.,thin,broke,useless,waste,does,didn,size,t,plastic,small,the,was
too,fit,poor,disappointed,but,did,not,back,would,it,returned,poorly,.,thin,broke,useless,waste,does,didn,size,t,plastic,small,the,was
too,fit,poor,disappointed,but,did,not,back,would,it,returned,poorly,.,thin,broke,useless,waste,does,didn,size,t,plastic,small,the,was
too,fit,poor,disappointed,but,did,not,back,would,it,returned,poorly,.,thin,broke,useless,waste,does,didn,size,t,plastic,small,the,was
too,fit,poor,disappointed,but,did,not,back,would,it,returned,poorly,.,thin,broke,useless,waste,does,didn,size,t,plastic,small,the,was
too,fit,poor,disappointed,but,did,not,back,would,it,returned,poorly,.,thin,broke,useless,waste,does,didn,size,t,plastic,small,the,was
too,fit,poor,disappointed,but,did,not,back,would,it,returned,poorly,.,thin,broke,useless,waste,does,didn,size,t,plastic,small,the,was
too,fit,poor,disappointed,but,did,not,back,would,it,returned,poorly,.,thin,broke,useless,waste,does,didn,size,t,plastic,small,the,was
too,fit,poor,disappointed,but,did,not,back,would,it,returned,poorly,.,thin,broke,useless,waste,does,didn,size,t,plastic,small,the,was
too,poor,ripped,disappointed,but,did,not,back,would,it,returned,poorly,.,thin,broke,useless,waste,does,didn,size,t,plastic,small,the,was
too,poor,ripped,disappointed,but,did,not,back,would,it,returned,poorly,.,thin,broke,useless,waste,does,didn,size,t,plastic,small,the,was
too,poor,ripped,disappointed,but,did,not,back,would,it,returned,poorly,.,thin,broke,useless,waste,does,didn,size,t,plastic,small,the,was
too,poor,ripped,disappointed,but,did,not,back,would,it,returned,poorly,.,thin,broke,useless,waste,does,didn,size,t,plastic,small,the,was
too,poor,ripped,disappointed,but,did,not,back,would,it,returned,poorly,.,thin,broke,useless,waste,does,didn,size,t,plastic,small,the,was
too,poor,ripped,disappointed,but,did,not,back,would,it,returned,poorly,.,thin,broke,useless,waste,does,didn,size,t,plastic,small,the,was
too,poor,ripped,disappointed,but,did,not,back,would,it,returned,poorly,.,thin,broke,useless,waste,does,didn,size,t,plastic,small,the,was
too,poor,ripped,disappointed,but,did,not,back,would,it,returned,poorly,.,thin,broke,useless,waste,does,didn,size,t,plastic,small,the,was
too,poor,ripped,disappointed,but,did,not,back,would,it,returned,poorly,.,thin,broke,useless,waste,does,didn,size,t,plastic,small,the,was
too,poor,ripped,disappointed,but,did,not,back,would,it,returned,poorly,.,thin,broke,useless,waste,does,didn,size,t,plastic,small,the,was
too,poor,ripped,disappointed,but,did,not,back,would,it,returned,poorly,.,thin,broke,useless,waste,does,didn,size,t,plastic,small,the,was
too,poor,ripped,disappointed,but,did,not,back,would,it,returned,poorly,.,thin,broke,useless,waste,does,didn,size,t,plastic,small,the,was
too,poor,ripped,disappointed,but,did,not,back,would,it,returned,poorly,.,thin,broke,useless,waste,does,didn,size,t,plastic,small,the,was
too,poor,ripped,disappointed,but,did,not,back,would,it,returned,poorly,.,thin,broke,useless,waste,does,didn,size,t,plastic,small,the,was
too,poor,ripped,disappointed,but,did,not,back,would,it,returned,poorly,.,thin,broke,useless,waste,does,didn,size,t,plastic,small,the,was
too,poor,ripped,disappointed,but,did,not,back,would,it,returned,poorly,.,thin,broke,useless,waste,does,didn,size,t,plastic,small,the,was
too,poor,ripped,disappointed,but,did,not,back,would,it,returned,poorly,.,thin,broke,useless,waste,does,didn,size,t,plastic,small,the,was
too,poor,ripped,disappointed,but,did,not,back,would,it,returned,poorly,.,thin,broke,useless,waste,does,didn,size,t,plastic,small,the,was
too,poor,ripped,disappointed,but,did,not,back,would,it,returned,poorly,.,thin,broke,useless,waste,does,didn,size,t,plastic,small,the,was
too,poor,ripped,disappointed,but,did,not,back,would,it,returned,poorly,.,thin,broke,useless,waste,does,didn,size,t,plastic,small,the,was
too,poor,ripped,disappointed,but,did,not,back,would,it,returned,poorly,.,thin,broke,useless,waste,does,didn,size,t,plastic,small,the,was
too,poor,ripped,disappointed,but,did,not,back,would,it,returned,poorly,.,thin,broke,useless,waste,does,didn,size,t,plastic,small,the,was
too,poor,ripped,disappointed,but,did,not,back,would,it,returned,poorly,.,thin,broke,useless,waste,does,didn,size,t,plastic,small,the,was
too,poor,ripped,disappointed,but,did,not,back,would,it,returned,poorly,.,thin,broke,useless,waste,does,didn,size,t,plastic,small,the,was
too,poor,ripped,disappointed,but,did,not,back,would,it,returned,poorly,.,thin,broke,useless,waste,does,didn,size,t,plastic,small,the,was
too,poor,ripped,disappointed,but,did,not,back,would,it,returned,poorly,.,thin,broke,useless,waste,does,didn,size,t,plastic,small,the,was
too,poor,ripped,disappointed,but,did,not,back,would,it,returned,poorly,.,thin,broke,useless,waste,does,didn,size,t,plastic,small,the,was
too,poor,ripped,disappointed,but,did,not,back,would,it,returned,poorly,.,thin,broke,useless,waste,does,didn,size,t,plastic,small,the,was
too,poor,ripped,disappointed,but,did,not,back,would,it,returned,poorly,.,thin,broke,useless,waste,does,didn,size,t,plastic,small,the,was
too,poor,ripped,disappointed,but,did,not,back,would,it,returned,poorly,.,thin,broke,useless,waste,does,didn,size,t,plastic,small,the,was
too,poor,ripped,disappointed,but,did,not,back,would,it,returned,poorly,.,thin,broke,useless,waste,does,didn,size,t,plastic,small,the,was
too,poor,ripped,disappointed,but,did,not,back,would,it,returned,poorly,.,thin,broke,useless,waste,does,didn,size,t,plastic,small,the,was
too,poor,ripped,disappointed,but,did,not,back,would,it,returned,poorly,.,thin,broke,useless,waste,does,didn,size,t,plastic,small,the,was
too,fit,poor,ripped,disappointed,but,did,not,back,would,it,returned,poorly,.,thin,broke,useless,waste,does,didn,size,t,plastic,small,was
too,fit,poor,ripped,disappointed,but,did,not,back,would,it,returned,poorly,.,thin,broke,useless,waste,does,didn,size,t,plastic,small,was
too,fit,poor,ripped,disappointed,but,did,not,back,would,it,returned,poorly,.,thin,broke,useless,waste,does,didn,size,t,plastic,small,was
too,fit,poor,ripped,disappointed,but,did,not,back,would,it,returned,poorly,.,thin,broke,useless,waste,does,didn,size,t,plastic,small,was
too,fit,poor,ripped,disappointed,but,did,not,back,would,it,returned,poorly,.,thin,broke,useless,waste,does,didn,size,t,plastic,small,was
too,fit,poor,ripped,disappointed,but,did,not,back,would,it,returned,poorly,.,thin,broke,useless,waste,does,didn,size,t,plastic,small,was
too,fit,poor,ripped,disappointed,but,did,not,back,would,it,returned,poorly,.,thin,broke,useless,waste,does,didn,size,t,plastic,small,was
too,fit,poor,ripped,disappointed,but,did,not,back,would,it,returned,poorly,.,thin,broke,useless,waste,does,didn,size,t,plastic,small,was
too,fit,poor,ripped,disappointed,but,did,not,back,would,it,returned,poorly,.,thin,broke,useless,waste,does,didn,size,t,plastic,small,was
too,fit,poor,ripped,disappointed,but,did,not,back,would,it,returned,poorly,.,thin,broke,useless,waste,does,didn,size,t,plastic,small,was
too,fit,poor,ripped,disappointed,but,did,not,back,would,it,returned,poorly,.,thin,broke,useless,waste,does,didn,size,t,plastic,small,was
too,fit,poor,ripped,disappointed,but,did,not,back,would,it,returned,poorly,.,thin,broke,useless,waste,does,didn,size,t,plastic,small,was
too,fit,poor,ripped,disappointed,but,did,not,back,would,it,returned,poorly,.,thin,broke,useless,waste,does,didn,size,t,plastic,small,was
too,fit,poor,ripped,disappointed,but,did,not,back,would,it,returned,poorly,.,thin,broke,useless,waste,does,didn,size,t,plastic,small,was
too,fit,poor,ripped,disappointed,but,did,not,back,would,it,returned,poorly,.,thin,broke,useless,waste,does,didn,size,t,plastic,small,was
too,fit,poor,ripped,disappointed,but,did,not,back,would,it,returned,poorly,.,thin,broke,useless,waste,does,didn,size,t,plastic,small,was
too,fit,poor,ripped,disappointed,but,did,not,back,would,it,returned,poorly,.,thin,broke,useless,waste,does,didn,size,t,plastic,small,was
too,fit,poor,ripped,disappointed,but,did,not,back,would,it,returned,poorly,.,thin,broke,useless,waste,does,didn,size,t,plastic,small,was
too,fit,poor,ripped,disappointed,but,did,not,back,would,it,returned,poorly,.,thin,broke,useless,waste,does,didn,size,t,plastic,small,was
too,fit,poor,ripped,disappointed,but,did,not,back,would,it,returned,poorly,.,thin,broke,useless,waste,does,didn,size,t,plastic,small,was
too,fit,poor,ripped,disappointed,but,did,not,back,would,it,returned,poorly,.,thin,broke,useless,waste,does,didn,size,t,plastic,small,was
too,fit,poor,ripped,disappointed,but,did,not,back,would,it,returned,poorly,.,thin,broke,useless,waste,does,didn,size,t,plastic,small,was
too,fit,poor,ripped,disappointed,but,did,not,back,would,it,returned,poorly,.,thin,broke,useless,waste,does,didn,size,t,plastic,small,was
too,fit,poor,ripped,disappointed,but,did,not,back,would,it,returned,poorly,.,thin,broke,useless,waste,does,didn,size,t,plastic,small,was
too,fit,poor,ripped,disappointed,but,did,not,back,would,it,returned,poorly,.,thin,broke,useless,waste,does,didn,size,t,plastic,small,was
too,fit,poor,ripped,disappointed,but,did,not,back,would,it,returned,poorly,.,thin,broke,useless,waste,does,didn,size,t,plastic,small,was
too,fit,poor,ripped,disappointed,but,did,not,back,would,it,returned,poorly,.,thin,broke,useless,waste,does,didn,size,t,plastic,small,was
too,fit,poor,ripped,disappointed,but,did,not,back,would,it,returned,poorly,.,thin,broke,useless,waste,does,didn,size,t,plastic,small,was
too,fit,poor,ripped,disappointed,but,did,not,back,would,it,returned,poorly,.,thin,broke,useless,waste,does,didn,size,t,plastic,small,was
too,fit,poor,ripped,disappointed,but,did,not,back,would,it,returned,poorly,.,thin,broke,useless,waste,does,didn,size,t,plastic,small,was
too,fit,poor,ripped,disappointed,but,did,not,back,would,it,returned,poorly,.,thin,broke,useless,waste,does,didn,size,t,plastic,small,was
too,fit,poor,ripped,disappointed,but,did,not,back,would,it,returned,poorly,.,thin,broke,useless,waste,does,didn,size,t,plastic,small,was
too,fit,poor,ripped,disappointed,but,did,not,back,would,it,returned,poorly,.,thin,broke,useless,waste,does,didn,size,t,plastic,small,was
too,fit,poor,ripped,disappointed,but,did,not,back,would,it,returned,poorly,.,thin,broke,useless,waste,does,didn,size,t,plastic,small,was
too,fit,poor,ripped,disappointed,but,did,not,back,would,it,returned,poorly,.,thin,broke,useless,waste,does,didn,size,t,plastic,small,was
too,fit,poor,ripped,disappointed,but,did,not,back,would,it,returned,poorly,.,thin,broke,useless,waste,does,didn,size,t,plastic,small,was
too,fit,poor,ripped,disappointed,but,did,not,back,would,it,returned,poorly,.,thin,broke,useless,waste,does,didn,size,t,plastic,small,was
too,fit,poor,ripped,disappointed,but,did,not,back,would,it,returned,poorly,.,thin,broke,useless,waste,does,didn,size,t,plastic,small,was
too,fit,poor,ripped,disappointed,but,did,not,back,would,it,returned,poorly,.,thin,broke,useless,waste,does,didn,size,t,plastic,small,was
too,fit,poor,ripped,disappointed,but,did,not,back,would,it,returned,poorly,.,thin,broke,useless,waste,does,didn,size,t,plastic,small,was
too,fit,poor,ripped,disappointed,but,did,not,back,would,it,returned,poorly,.,thin,broke,useless,waste,does,didn,size,t,plastic,small,was
too,fit,poor,ripped,disappointed,but,did,not,back,would,it,returned,poorly,.,thin,broke,useless,waste,does,didn,size,t,plastic,small,was
too,fit,poor,ripped,disappointed,but,did,not,back,would,it,returned,poorly,.,thin,broke,useless,waste,does,didn,size,t,plastic,small,was
too,fit,poor,ripped,disappointed,but,did,not,back,would,it,returned,poorly,.,thin,broke,useless,waste,does,didn,size,t,plastic,small,was
too,fit,poor,ripped,disappointed,but,did,not,back,would,it,returned,poorly,.,thin,broke,useless,waste,does,didn,size,t,plastic,small,was
