time,great,and,the,came,.,playing,is,enjoyed,everybody,game
time,great,and,the,came,.,playing,is,enjoyed,everybody,push,game
time,great,and,the,came,.,playing,is,enjoyed,everybody,push,game
fun,time,great,and,the,came,lots,.,excellent,playing,is,enjoyed,everybody,push,game
fun,and,teaches,lots,excellent,ages,game,time,great,the,came,highly,playing,recommend,.,math,enjoyed,push,skills,is,everybody
fun,and,teaches,lots,excellent,ages,game,time,great,the,came,highly,playing,recommend,.,math,enjoyed,push,skills,is,everybody
fun,and,teaches,lots,excellent,ages,game,time,great,the,came,highly,playing,recommend,.,math,enjoyed,push,skills,is,everybody
fun,and,teaches,lots,excellent,ages,game,time,great,the,came,highly,playing,recommend,.,math,enjoyed,push,skills,is,everybody
fun,and,teaches,lots,excellent,ages,game,time,great,the,came,highly,playing,recommend,.,math,enjoyed,push,skills,is,everybody
fun,and,teaches,lots,excellent,ages,game,time,great,the,came,highly,playing,recommend,.,math,enjoyed,push,skills,is,everybody
fun,and,teaches,lots,excellent,ages,game,time,great,the,came,highly,playing,recommend,.,math,enjoyed,push,skills,is,everybody
fun,and,teaches,lots,excellent,ages,game,time,great,the,came,highly,playing,recommend,.,math,enjoyed,push,skills,is,everybody
fun,and,teaches,lots,excellent,ages,game,time,great,the,came,highly,playing,recommend,.,math,enjoyed,push,skills,is,everybody
fun,and,teaches,lots,excellent,ages,game,time,great,the,came,highly,playing,recommend,.,math,enjoyed,push,skills,is,everybody
fun,and,teaches,lots,excellent,ages,game,time,great,the,came,highly,playing,recommend,.,math,enjoyed,push,skills,is,everybody
fun,and,teaches,lots,excellent,ages,game,time,great,the,came,highly,playing,recommend,.,math,enjoyed,push,skills,is,everybody
fun,and,teaches,lots,excellent,ages,game,time,great,the,came,highly,playing,recommend,.,math,enjoyed,push,skills,is,everybody
fun,and,teaches,lots,excellent,ages,game,time,great,the,came,highly,playing,recommend,.,math,enjoyed,push,skills,is,everybody
fun,and,teaches,lots,excellent,ages,game,time,great,the,came,highly,playing,recommend,.,math,enjoyed,push,skills,is,everybody
fun,and,teaches,lots,excellent,ages,game,time,great,the,came,highly,playing,recommend,.,math,enjoyed,push,skills,is,everybody
fun,and,teaches,lots,excellent,ages,game,time,great,the,came,highly,playing,recommend,.,math,enjoyed,push,skills,is,everybody
fun,and,teaches,lots,excellent,ages,game,time,great,the,came,highly,playing,recommend,.,math,enjoyed,push,skills,is,everybody
fun,and,teaches,lots,excellent,ages,game,time,great,the,came,highly,playing,recommend,.,math,enjoyed,push,skills,is,everybody
fun,and,teaches,lots,excellent,ages,game,time,great,the,came,highly,playing,recommend,.,math,enjoyed,push,skills,is,everybody
fun,and,teaches,lots,excellent,ages,game,time,great,the,came,highly,playing,recommend,.,math,enjoyed,push,skills,is,everybody
fun,and,teaches,lots,excellent,ages,game,time,great,the,came,highly,playing,recommend,.,math,enjoyed,push,skills,is,everybody
fun,and,teaches,lots,excellent,ages,game,time,great,the,came,highly,playing,recommend,.,math,enjoyed,push,skills,is,everybody
fun,and,teaches,lots,excellent,ages,game,time,great,the,came,highly,playing,recommend,.,math,enjoyed,push,skills,is,everybody
fun,and,teaches,lots,excellent,ages,game,time,great,the,came,highly,playing,recommend,.,math,enjoyed,push,skills,is,everybody
fun,and,teaches,lots,excellent,ages,game,time,great,the,came,highly,playing,recommend,.,math,enjoyed,push,skills,is,everybody
fun,and,teaches,lots,excellent,ages,game,time,great,the,came,highly,playing,recommend,.,math,enjoyed,push,stores,skills,is,everybody
fun,and,teaches,lots,excellent,ages,game,time,great,the,came,highly,playing,recommend,.,math,enjoyed,push,stores,skills,is,everybody
fun,and,teaches,lots,excellent,ages,game,time,great,the,came,highly,playing,recommend,.,math,enjoyed,push,stores,skills,is,everybody
fun,and,teaches,lots,excellent,ages,game,time,great,the,came,highly,playing,recommend,.,math,enjoyed,push,stores,skills,is,everybody
fun,and,teaches,lots,excellent,ages,game,time,great,the,came,highly,playing,recommend,.,math,enjoyed,push,stores,skills,is,everybody
fun,and,teaches,lots,excellent,love,ages,game,time,great,the,came,highly,playing,recommend,.,math,enjoyed,push,stores,skills,is,everybody
fun,and,teaches,lots,excellent,love,ages,game,time,great,the,came,highly,playing,recommend,.,math,enjoyed,push,stores,skills,is,everybody
fun,and,teaches,lots,excellent,love,ages,game,time,great,the,came,highly,playing,recommend,.,math,enjoyed,push,stores,skills,is,everybody
fun,and,teaches,lots,excellent,love,ages,game,time,great,the,came,highly,playing,recommend,.,math,enjoyed,push,stores,skills,is,everybody
fun,and,teaches,lots,excellent,love,ages,game,time,great,the,came,highly,playing,recommend,.,math,enjoyed,push,stores,skills,is,everybody
fun,and,loves,teaches,lots,excellent,love,ages,game,time,great,the,came,highly,playing,recommend,.,math,enjoyed,push,stores,skills,is,everybody
fun,and,loves,teaches,lots,excellent,love,ages,game,time,great,the,came,highly,playing,recommend,.,math,enjoyed,push,stores,skills,is,everybody
fun,and,loves,teaches,lots,excellent,love,ages,game,time,great,the,came,highly,playing,recommend,.,math,enjoyed,push,stores,skills,is,everybody
fun,and,loves,teaches,lots,excellent,love,ages,game,time,great,the,came,highly,playing,recommend,.,math,enjoyed,push,stores,skills,is,everybody
fun,and,loves,teaches,lots,excellent,love,ages,game,time,great,the,came,highly,playing,recommend,.,math,enjoyed,push,stores,skills,is,everybody
fun,and,loves,teaches,lots,excellent,love,ages,game,time,great,the,came,highly,playing,recommend,.,math,enjoyed,push,stores,skills,is,everybody
fun,and,loves,teaches,lots,excellent,love,ages,game,time,great,the,came,highly,playing,recommend,.,math,enjoyed,push,stores,skills,is,everybody
fun,and,loves,teaches,lots,excellent,love,ages,game,time,great,the,came,highly,playing,recommend,.,math,enjoyed,push,stores,skills,is,everybody
fun,and,loves,teaches,lots,excellent,love,ages,game,time,great,the,came,highly,playing,recommend,.,math,enjoyed,push,stores,skills,is,everybody
fun,and,loves,teaches,lots,excellent,love,ages,game,time,great,the,came,highly,playing,recommend,.,math,enjoyed,push,stores,skills,is,everybody
fun,and,loves,teaches,lots,excellent,love,ages,game,time,great,the,came,highly,playing,recommend,.,math,enjoyed,push,stores,skills,is,everybody
fun,and,loves,teaches,lots,excellent,love,ages,game,time,great,the,came,highly,playing,recommend,gaming,math,enjoyed,push,experience,stores,skills,is,everybody
fun,and,loves,teaches,lots,excellent,love,ages,game,time,great,the,came,highly,playing,recommend,gaming,math,enjoyed,push,experience,stores,skills,is,everybody
fun,and,loves,teaches,lots,excellent,love,ages,game,time,great,the,came,highly,playing,recommend,gaming,math,enjoyed,push,experience,stores,skills,is,everybody
fun,and,loves,teaches,lots,excellent,love,ages,game,time,great,the,came,highly,playing,recommend,gaming,math,enjoyed,push,experience,stores,skills,is,everybody
fun,and,loves,teaches,lots,excellent,love,ages,game,time,great,the,came,highly,playing,recommend,gaming,math,enjoyed,push,experience,stores,skills,is,everybody
fun,and,loves,teaches,lots,excellent,love,ages,game,time,great,the,came,highly,playing,recommend,gaming,math,enjoyed,push,experience,stores,skills,is,everybody
fun,and,loves,teaches,lots,excellent,love,ages,game,time,great,the,came,highly,playing,recommend,gaming,math,enjoyed,push,experience,stores,skills,is,everybody
fun,and,loves,teaches,lots,excellent,love,ages,game,time,great,the,came,highly,playing,recommend,gaming,math,enjoyed,push,experience,stores,skills,is,everybody
fun,and,loves,teaches,lots,excellent,love,ages,game,time,great,the,came,highly,playing,recommend,gaming,math,enjoyed,push,experience,stores,skills,is,everybody
fun,and,loves,teaches,lots,excellent,love,ages,game,time,great,the,came,highly,playing,recommend,gaming,math,enjoyed,push,experience,stores,skills,is,everybody
fun,and,loves,teaches,lots,cards,excellent,love,ages,game,time,great,came,highly,playing,recommend,gaming,math,enjoyed,push,experience,stores,skills,is,everybody
fun,loves,teaches,lots,cards,excellent,love,ages,game,time,great,came,highly,playing,recommend,gaming,math,enjoyed,push,this,experience,stores,skills,is,everybody
fun,loves,teaches,lots,cards,excellent,love,ages,game,time,great,came,highly,playing,recommend,gaming,math,enjoyed,push,this,experience,stores,skills,is,everybody
fun,loves,teaches,lots,cards,excellent,love,ages,game,time,great,came,highly,playing,recommend,gaming,math,enjoyed,push,this,experience,stores,skills,is,everybody
fun,loves,teaches,lots,cards,excellent,love,ages,game,time,great,came,highly,playing,recommend,gaming,math,enjoyed,push,experience,stores,skills,!,is,everybody
fun,loves,teaches,lots,cards,excellent,love,ages,game,time,great,came,highly,playing,recommend,gaming,math,enjoyed,push,experience,stores,skills,!,is,everybody
fun,loves,teaches,lots,cards,excellent,love,ages,game,time,great,you,came,highly,playing,recommend,gaming,math,enjoyed,push,experience,stores,skills,!,everybody
fun,loves,teaches,lots,cards,excellent,love,ages,game,time,great,you,came,highly,playing,recommend,gaming,math,enjoyed,push,experience,stores,skills,!,everybody
fun,loves,teaches,lots,cards,excellent,love,ages,game,time,great,you,came,highly,playing,recommend,thomas,gaming,math,enjoyed,push,experience,stores,skills,everybody
fun,loves,teaches,lots,cards,excellent,love,ages,game,time,great,you,came,highly,playing,recommend,thomas,gaming,math,enjoyed,push,experience,stores,skills,everybody
fun,loves,teaches,lots,cards,excellent,love,ages,game,time,great,you,came,highly,playing,recommend,thomas,gaming,math,enjoyed,push,experience,stores,skills,everybody
fun,loves,teaches,lots,cards,excellent,love,ages,game,great,came,highly,games,year,playing,thomas,gaming,math,enjoyed,push,granddaughter,experience,stores,skills,everybody
fun,loves,teaches,lots,cards,excellent,love,ages,game,great,came,highly,games,year,playing,thomas,gaming,math,enjoyed,push,granddaughter,experience,stores,skills,everybody
fun,beat,loves,teaches,lots,cards,excellent,love,ages,game,great,came,highly,games,thomas,gaming,math,enjoyed,push,granddaughter,experience,stores,skills,everybody,quick
fun,beat,loves,teaches,lots,cards,excellent,love,ages,game,great,came,highly,games,thomas,gaming,math,enjoyed,push,granddaughter,experience,stores,skills,everybody,quick
fun,beat,loves,teaches,lots,cards,excellent,love,ages,game,great,came,highly,games,thomas,gaming,math,enjoyed,push,granddaughter,experience,stores,skills,everybody,quick
fun,beat,loves,teaches,lots,cards,excellent,love,ages,game,great,came,highly,games,thomas,gaming,math,enjoyed,push,granddaughter,experience,stores,skills,everybody,quick
fun,beat,loves,teaches,lots,cards,excellent,love,ages,game,great,came,highly,games,thomas,gaming,math,enjoyed,push,granddaughter,experience,stores,skills,everybody,quick
fun,beat,loves,teaches,lots,cards,excellent,love,ages,game,great,came,highly,games,thomas,gaming,math,enjoyed,push,granddaughter,experience,stores,skills,everybody,quick
fun,beat,loves,teaches,lots,cards,excellent,love,ages,game,great,came,highly,games,thomas,gaming,math,enjoyed,push,granddaughter,experience,stores,skills,everybody,quick
fun,beat,loves,teaches,lots,cards,excellent,love,ages,game,great,came,highly,games,thomas,gaming,math,enjoyed,push,granddaughter,experience,stores,skills,everybody,quick
fun,beat,loves,teaches,lots,cards,excellent,love,ages,game,great,time,highly,games,thomas,gaming,math,enjoyed,push,granddaughter,experience,stores,skills,everybody,quick
fun,beat,loves,teaches,lots,cards,excellent,love,ages,game,great,time,highly,games,best,thomas,gaming,math,enjoyed,push,granddaughter,experience,stores,skills,everybody
fun,beat,loves,teaches,lots,cards,excellent,love,ages,game,great,time,highly,games,best,thomas,gaming,math,enjoyed,push,granddaughter,experience,stores,skills,everybody
fun,beat,loves,teaches,lots,cards,excellent,love,ages,game,great,time,highly,games,best,thomas,gaming,math,enjoyed,push,granddaughter,experience,stores,skills,everybody
fun,beat,loves,teaches,lots,cards,excellent,love,ages,game,great,time,highly,games,best,thomas,gaming,math,enjoyed,push,granddaughter,experience,stores,skills,everybody
fun,beat,loves,teaches,lots,cards,excellent,love,ages,game,great,time,highly,games,best,thomas,gaming,math,enjoyed,push,granddaughter,experience,stores,skills,everybody
fun,beat,loves,teaches,lots,cards,excellent,love,ages,game,great,time,highly,games,best,thomas,gaming,math,enjoyed,push,granddaughter,experience,stores,skills,everybody
fun,beat,loves,teaches,lots,cards,excellent,love,ages,game,great,time,highly,games,best,thomas,gaming,math,enjoyed,push,granddaughter,experience,stores,skills,everybody
fun,beat,loves,teaches,lots,cards,excellent,love,ages,game,great,time,highly,games,best,thomas,gaming,math,enjoyed,push,granddaughter,experience,stores,skills,everybody
fun,beat,loves,teaches,lots,cards,excellent,love,ages,game,great,time,highly,games,best,thomas,gaming,math,enjoyed,push,granddaughter,experience,stores,skills,everybody
fun,beat,loves,teaches,lots,cards,excellent,love,ages,game,great,time,highly,games,best,thomas,gaming,math,enjoyed,push,granddaughter,experience,stores,skills,everybody
fun,beat,loves,teaches,lots,cards,excellent,love,ages,game,great,time,highly,games,best,thomas,gaming,math,enjoyed,push,granddaughter,experience,stores,skills,everybody
fun,beat,loves,teaches,lots,cards,excellent,love,ages,game,great,time,highly,games,best,thomas,gaming,math,enjoyed,push,granddaughter,experience,stores,skills,everybody
fun,beat,loves,teaches,lots,cards,excellent,love,ages,game,great,time,highly,games,best,thomas,gaming,math,enjoyed,push,granddaughter,experience,stores,skills,everybody
fun,beat,loves,teaches,lots,cards,excellent,love,ages,game,great,time,highly,games,best,thomas,gaming,math,enjoyed,push,granddaughter,experience,stores,skills,everybody
fun,beat,loves,teaches,lots,cards,excellent,love,ages,game,great,time,highly,games,best,thomas,gaming,math,enjoyed,push,granddaughter,experience,stores,skills,everybody
fun,beat,loves,teaches,lots,cards,excellent,love,ages,game,great,time,highly,games,best,thomas,gaming,math,enjoyed,push,granddaughter,experience,stores,skills,everybody
fun,beat,loves,teaches,lots,cards,excellent,love,ages,game,great,time,highly,games,best,thomas,gaming,math,enjoyed,push,granddaughter,experience,stores,skills,everybody
fun,beat,loves,teaches,lots,cards,excellent,love,ages,game,great,time,highly,games,best,thomas,gaming,math,enjoyed,push,granddaughter,experience,stores,skills,everybody
fun,beat,loves,teaches,lots,cards,excellent,love,ages,game,great,time,highly,games,best,thomas,gaming,math,enjoyed,push,granddaughter,experience,stores,skills,everybody
fun,beat,loves,teaches,lots,cards,excellent,love,ages,game,great,time,highly,games,best,thomas,gaming,math,enjoyed,push,granddaughter,experience,stores,skills,everybody
fun,beat,loves,teaches,lots,cards,excellent,love,ages,game,great,time,highly,games,best,thomas,gaming,math,enjoyed,push,granddaughter,experience,stores,skills,everybody
fun,beat,loves,teaches,lots,cards,excellent,love,ages,game,great,time,highly,games,best,thomas,gaming,math,enjoyed,push,granddaughter,experience,stores,skills,everybody
fun,beat,loves,teaches,lots,cards,excellent,love,ages,game,great,time,highly,games,best,thomas,gaming,math,enjoyed,push,granddaughter,experience,stores,skills,everybody
fun,beat,loves,teaches,lots,cards,excellent,love,ages,game,great,time,highly,games,best,thomas,gaming,math,enjoyed,push,granddaughter,experience,stores,skills,everybody
fun,beat,loves,teaches,cards,excellent,love,ages,game,great,time,highly,games,best,thomas,challenge,gaming,math,enjoyed,push,granddaughter,experience,stores,skills,everybody
fun,beat,loves,teaches,cards,excellent,love,ages,game,great,time,highly,games,best,thomas,challenge,gaming,math,enjoyed,push,granddaughter,experience,stores,skills,everybody
fun,beat,loves,teaches,cards,excellent,love,ages,game,great,time,highly,games,best,thomas,challenge,gaming,math,enjoyed,push,granddaughter,experience,stores,skills,everybody
fun,beat,loves,teaches,cards,excellent,love,ages,game,great,time,highly,games,best,thomas,challenge,gaming,math,enjoyed,push,granddaughter,experience,stores,skills,everybody
fun,beat,loves,teaches,cards,excellent,love,ages,game,great,time,highly,games,best,thomas,challenge,gaming,math,enjoyed,push,granddaughter,experience,stores,skills,everybody
fun,beat,loves,teaches,cards,excellent,love,ages,game,great,time,highly,games,best,thomas,challenge,gaming,math,enjoyed,push,granddaughter,experience,stores,skills,everybody
fun,beat,loves,teaches,cards,excellent,love,ages,game,great,time,highly,games,best,thomas,challenge,gaming,math,enjoyed,push,granddaughter,experience,stores,skills,everybody
fun,beat,loves,teaches,cards,excellent,love,ages,game,great,time,highly,games,best,thomas,challenge,gaming,math,enjoyed,push,granddaughter,experience,stores,skills,everybody
fun,beat,loves,teaches,cards,excellent,love,ages,game,great,time,highly,games,best,thomas,challenge,gaming,math,enjoyed,push,granddaughter,experience,stores,skills,everybody
fun,beat,loves,teaches,cards,excellent,love,ages,game,great,time,highly,games,best,thomas,challenge,gaming,math,enjoyed,push,granddaughter,experience,stores,skills,everybody
fun,beat,loves,teaches,cards,excellent,love,ages,game,great,time,highly,games,best,thomas,challenge,gaming,math,enjoyed,push,granddaughter,experience,stores,skills,everybody
fun,beat,loves,teaches,cards,excellent,love,ages,game,great,time,highly,games,best,thomas,challenge,gaming,math,enjoyed,push,granddaughter,experience,stores,skills,everybody
fun,beat,loves,teaches,cards,excellent,love,ages,game,great,time,highly,games,best,thomas,challenge,gaming,math,enjoyed,push,granddaughter,experience,stores,skills,everybody
fun,beat,loves,teaches,cards,excellent,love,ages,game,great,time,highly,games,best,thomas,challenge,gaming,math,enjoyed,push,granddaughter,experience,stores,skills,everybody
fun,beat,loves,teaches,cards,excellent,love,ages,game,great,time,highly,games,best,thomas,challenge,gaming,math,enjoyed,push,granddaughter,experience,stores,skills,everybody
fun,beat,loves,teaches,cards,excellent,love,ages,game,great,time,highly,games,best,thomas,challenge,gaming,math,enjoyed,push,granddaughter,experience,stores,skills,everybody
fun,beat,loves,teaches,cards,excellent,love,ages,game,great,time,highly,games,best,thomas,challenge,gaming,math,enjoyed,push,granddaughter,experience,stores,skills,everybody
fun,beat,loves,teaches,cards,excellent,love,ages,game,great,time,highly,games,best,thomas,challenge,gaming,math,enjoyed,push,granddaughter,experience,stores,skills,everybody
fun,beat,loves,teaches,cards,excellent,love,ages,game,great,time,highly,games,best,thomas,challenge,gaming,math,enjoyed,push,granddaughter,experience,stores,skills,everybody
fun,beat,loves,teaches,cards,excellent,love,ages,game,great,time,highly,games,best,thomas,challenge,gaming,math,enjoyed,push,granddaughter,experience,stores,skills,everybody
fun,beat,loves,teaches,cards,excellent,love,ages,game,great,time,highly,games,best,thomas,challenge,gaming,math,enjoyed,push,granddaughter,experience,stores,skills,everybody
fun,beat,loves,teaches,cards,excellent,love,ages,game,great,time,highly,games,best,thomas,challenge,gaming,math,enjoyed,push,granddaughter,experience,stores,skills,everybody
fun,beat,loves,teaches,cards,excellent,love,ages,game,great,time,highly,games,best,thomas,challenge,gaming,math,enjoyed,push,granddaughter,experience,stores,skills,everybody
fun,beat,loves,teaches,cards,excellent,love,ages,game,great,time,highly,games,best,thomas,challenge,gaming,math,enjoyed,push,granddaughter,experience,stores,skills,everybody
fun,beat,loves,teaches,cards,excellent,love,ages,game,great,time,highly,games,best,thomas,challenge,gaming,math,enjoyed,push,granddaughter,experience,stores,skills,everybody
fun,beat,loves,teaches,cards,excellent,love,ages,game,great,time,highly,games,best,thomas,challenge,gaming,math,enjoyed,push,granddaughter,experience,stores,skills,everybody
fun,beat,loves,teaches,cards,excellent,love,ages,game,great,time,highly,games,best,thomas,challenge,gaming,math,enjoyed,push,granddaughter,experience,stores,skills,everybody
fun,beat,loves,teaches,cards,excellent,love,ages,game,great,time,highly,games,best,thomas,challenge,gaming,math,enjoyed,push,granddaughter,experience,stores,skills,everybody
fun,beat,loves,teaches,cards,excellent,love,ages,game,great,time,highly,games,best,thomas,challenge,gaming,math,enjoyed,push,granddaughter,experience,stores,skills,everybody
fun,beat,loves,teaches,cards,excellent,love,ages,game,great,time,highly,games,best,thomas,challenge,gaming,math,enjoyed,push,granddaughter,experience,stores,skills,everybody
fun,beat,loves,teaches,cards,excellent,love,ages,game,great,time,highly,games,best,thomas,challenge,gaming,math,enjoyed,push,granddaughter,experience,stores,skills,everybody
fun,beat,loves,teaches,cards,excellent,love,ages,game,great,time,highly,games,best,thomas,challenge,gaming,math,enjoyed,push,granddaughter,experience,stores,skills,everybody
fun,beat,loves,teaches,cards,excellent,love,game,great,time,highly,games,best,thomas,challenge,gaming,math,enjoyed,happy,push,granddaughter,experience,stores,skills,everybody
fun,beat,loves,teaches,cards,excellent,love,game,great,time,highly,games,best,thomas,challenge,gaming,math,enjoyed,happy,push,granddaughter,experience,stores,skills,everybody
fun,beat,loves,teaches,cards,excellent,love,game,great,time,highly,games,best,thomas,challenge,gaming,math,enjoyed,happy,push,granddaughter,experience,stores,skills,everybody
fun,beat,loves,teaches,cards,excellent,love,game,great,time,highly,games,best,thomas,challenge,gaming,math,enjoyed,happy,push,granddaughter,experience,stores,skills,everybody
fun,beat,loves,teaches,cards,excellent,love,game,great,time,highly,games,best,thomas,challenge,gaming,math,enjoyed,happy,push,granddaughter,experience,stores,skills,everybody
fun,beat,loves,teaches,cards,excellent,love,game,great,time,highly,games,best,thomas,challenge,gaming,math,enjoyed,happy,push,granddaughter,experience,stores,skills,everybody
fun,beat,loves,teaches,cards,excellent,love,game,great,time,highly,games,best,thomas,challenge,gaming,math,enjoyed,happy,push,granddaughter,experience,stores,skills,everybody
fun,beat,loves,teaches,cards,excellent,love,game,great,time,highly,games,best,thomas,challenge,gaming,math,enjoyed,happy,push,granddaughter,experience,stores,skills,everybody
fun,beat,loves,teaches,cards,excellent,love,game,great,time,highly,games,best,thomas,challenge,gaming,math,enjoyed,happy,push,granddaughter,experience,stores,skills,everybody
fun,beat,loves,teaches,cards,excellent,love,game,great,time,highly,games,best,thomas,challenge,gaming,math,enjoyed,happy,push,granddaughter,experience,stores,skills,everybody
fun,beat,loves,teaches,cards,excellent,love,game,great,time,highly,games,best,thomas,challenge,gaming,math,enjoyed,happy,push,granddaughter,experience,stores,skills,everybody
fun,beat,loves,teaches,cards,excellent,love,game,great,time,highly,games,best,thomas,challenge,gaming,math,enjoyed,happy,push,granddaughter,experience,stores,skills,everybody
fun,beat,loves,teaches,cards,excellent,love,game,great,time,highly,games,best,thomas,challenge,gaming,math,enjoyed,happy,push,granddaughter,experience,stores,skills,everybody
fun,beat,loves,teaches,cards,excellent,love,game,great,time,highly,games,best,thomas,challenge,gaming,math,enjoyed,happy,push,granddaughter,experience,stores,skills,everybody
fun,beat,loves,teaches,cards,excellent,love,game,great,time,highly,games,best,thomas,challenge,gaming,math,enjoyed,happy,push,granddaughter,experience,stores,skills,everybody
fun,beat,loves,teaches,cards,excellent,love,game,great,time,highly,games,best,thomas,challenge,gaming,math,enjoyed,happy,push,granddaughter,experience,stores,skills,everybody
fun,beat,loves,teaches,cards,excellent,love,game,great,time,highly,games,best,thomas,challenge,gaming,math,enjoyed,happy,push,granddaughter,experience,stores,skills,everybody
fun,beat,loves,teaches,cards,excellent,love,game,great,time,highly,games,best,thomas,challenge,gaming,math,enjoyed,happy,push,granddaughter,experience,stores,skills,everybody
fun,beat,loves,teaches,cards,excellent,love,game,great,time,highly,games,best,thomas,challenge,gaming,math,enjoyed,happy,push,granddaughter,experience,stores,skills,everybody
fun,beat,loves,teaches,cards,excellent,love,game,great,time,highly,games,best,thomas,challenge,gaming,math,enjoyed,happy,push,granddaughter,experience,stores,skills,everybody
fun,beat,loves,teaches,cards,excellent,love,game,great,time,highly,games,best,thomas,challenge,gaming,math,enjoyed,happy,push,granddaughter,experience,stores,skills,everybody
fun,beat,loves,teaches,cards,excellent,love,game,great,time,highly,games,best,thomas,challenge,gaming,math,enjoyed,happy,push,granddaughter,experience,stores,skills,everybody
fun,beat,loves,teaches,cards,excellent,love,game,great,time,highly,games,best,thomas,challenge,gaming,math,enjoyed,happy,push,granddaughter,experience,stores,skills,everybody
fun,beat,loves,teaches,cards,excellent,love,game,great,time,highly,games,best,thomas,challenge,gaming,math,enjoyed,happy,push,granddaughter,experience,stores,skills,everybody
fun,beat,loves,teaches,cards,excellent,love,game,great,time,highly,games,best,thomas,challenge,gaming,math,enjoyed,happy,push,granddaughter,experience,stores,skills,everybody
fun,beat,loves,teaches,cards,excellent,love,game,great,time,highly,games,best,thomas,challenge,gaming,math,enjoyed,happy,push,granddaughter,experience,stores,skills,everybody
fun,beat,loves,teaches,cards,excellent,love,game,great,time,highly,games,best,thomas,challenge,gaming,math,enjoyed,happy,push,granddaughter,experience,stores,skills,everybody
fun,beat,loves,teaches,cards,excellent,love,game,great,time,highly,games,best,thomas,challenge,gaming,math,enjoyed,happy,push,granddaughter,experience,stores,skills,everybody
fun,beat,loves,teaches,cards,excellent,love,game,great,time,highly,games,best,thomas,challenge,gaming,math,enjoyed,happy,push,granddaughter,experience,stores,skills,everybody
fun,beat,loves,teaches,cards,excellent,love,game,great,time,highly,games,best,thomas,challenge,gaming,math,enjoyed,happy,push,granddaughter,experience,stores,skills,everybody
fun,beat,loves,teaches,cards,excellent,love,game,great,time,highly,games,best,thomas,challenge,gaming,math,enjoyed,happy,push,granddaughter,experience,stores,skills,everybody
fun,beat,loves,teaches,cards,excellent,love,game,great,time,highly,games,best,thomas,challenge,gaming,math,enjoyed,happy,push,granddaughter,experience,stores,skills,everybody
fun,beat,loves,teaches,cards,excellent,love,game,great,time,highly,games,best,thomas,challenge,gaming,math,enjoyed,happy,push,granddaughter,experience,stores,skills,everybody
fun,beat,loves,teaches,cards,excellent,love,game,great,time,highly,games,best,thomas,challenge,gaming,math,enjoyed,happy,push,granddaughter,experience,stores,skills,everybody
fun,beat,loves,teaches,cards,excellent,love,game,great,time,highly,games,best,thomas,challenge,gaming,math,enjoyed,happy,push,granddaughter,experience,stores,skills,everybody
fun,beat,loves,teaches,cards,excellent,love,game,great,time,highly,games,best,thomas,challenge,gaming,math,enjoyed,happy,push,granddaughter,experience,stores,skills,everybody
fun,beat,loves,teaches,cards,excellent,love,game,great,time,highly,games,best,thomas,challenge,gaming,math,enjoyed,happy,push,granddaughter,experience,stores,skills,everybody
fun,beat,loves,teaches,cards,excellent,love,game,great,time,highly,games,best,thomas,challenge,gaming,math,enjoyed,happy,push,granddaughter,experience,stores,skills,everybody
fun,beat,loves,teaches,cards,excellent,love,game,great,time,highly,games,best,thomas,challenge,gaming,math,enjoyed,happy,push,granddaughter,experience,stores,skills,everybody
fun,beat,loves,teaches,cards,excellent,love,game,great,time,highly,games,best,thomas,challenge,gaming,math,enjoyed,happy,push,granddaughter,experience,stores,skills,everybody
fun,beat,loves,teaches,cards,excellent,love,game,great,time,highly,games,best,thomas,challenge,gaming,math,enjoyed,happy,push,granddaughter,experience,stores,skills,everybody
fun,beat,loves,teaches,cards,excellent,love,game,great,time,highly,games,best,thomas,challenge,gaming,math,enjoyed,happy,push,granddaughter,experience,stores,skills,everybody
fun,beat,loves,teaches,cards,excellent,love,game,great,time,highly,games,best,thomas,challenge,gaming,math,enjoyed,happy,push,granddaughter,experience,stores,skills,everybody
fun,beat,loves,teaches,cards,excellent,love,game,great,time,highly,games,best,thomas,challenge,gaming,math,enjoyed,happy,push,granddaughter,experience,stores,skills,everybody
fun,beat,loves,teaches,cards,excellent,love,game,great,time,highly,games,best,thomas,challenge,gaming,math,enjoyed,happy,push,granddaughter,experience,stores,skills,everybody
fun,beat,loves,teaches,cards,excellent,love,game,great,time,highly,games,best,thomas,challenge,gaming,math,enjoyed,happy,push,granddaughter,experience,stores,skills,everybody
fun,beat,loves,teaches,cards,excellent,love,game,great,time,highly,games,best,thomas,challenge,gaming,math,enjoyed,happy,push,granddaughter,experience,stores,skills,everybody
fun,beat,loves,teaches,cards,excellent,love,game,great,time,highly,games,best,thomas,challenge,gaming,math,enjoyed,happy,push,granddaughter,experience,stores,skills,everybody
fun,beat,loves,teaches,cards,excellent,love,game,great,time,highly,games,best,thomas,challenge,gaming,math,enjoyed,happy,push,granddaughter,experience,stores,skills,everybody
fun,beat,loves,teaches,cards,excellent,love,game,great,time,highly,games,best,thomas,challenge,gaming,math,enjoyed,happy,push,granddaughter,experience,stores,skills,everybody
fun,beat,loves,teaches,cards,excellent,love,game,great,time,highly,games,best,thomas,challenge,gaming,math,enjoyed,happy,push,granddaughter,experience,stores,skills,everybody
fun,beat,loves,teaches,cards,excellent,love,game,great,time,highly,games,best,thomas,challenge,gaming,math,enjoyed,happy,push,granddaughter,experience,stores,skills,everybody
fun,beat,loves,teaches,cards,excellent,love,game,great,time,highly,games,best,thomas,challenge,gaming,math,enjoyed,happy,push,granddaughter,experience,stores,skills,everybody
fun,beat,loves,teaches,cards,excellent,love,game,great,time,highly,games,best,thomas,challenge,gaming,math,enjoyed,happy,push,granddaughter,experience,stores,skills,everybody
fun,beat,loves,teaches,cards,excellent,love,game,great,time,highly,games,best,thomas,challenge,gaming,math,enjoyed,happy,push,granddaughter,experience,stores,skills,everybody
fun,beat,loves,teaches,cards,excellent,love,game,great,time,highly,games,best,thomas,challenge,gaming,math,enjoyed,happy,push,granddaughter,experience,stores,skills,everybody
fun,beat,loves,teaches,cards,excellent,love,game,great,time,highly,games,best,thomas,challenge,gaming,math,enjoyed,happy,push,granddaughter,experience,stores,skills,everybody
fun,beat,loves,teaches,cards,excellent,love,game,great,time,highly,games,best,thomas,challenge,gaming,math,enjoyed,happy,push,granddaughter,experience,stores,skills,everybody
fun,beat,loves,teaches,cards,excellent,love,game,great,time,highly,games,best,thomas,challenge,gaming,math,enjoyed,happy,push,granddaughter,experience,stores,skills,everybody
fun,beat,loves,teaches,cards,excellent,love,game,great,time,highly,games,best,thomas,challenge,gaming,math,enjoyed,happy,push,granddaughter,experience,stores,skills,everybody
fun,beat,loves,teaches,cards,excellent,love,game,great,time,highly,games,best,thomas,challenge,gaming,math,enjoyed,happy,push,granddaughter,experience,stores,skills,everybody
fun,beat,loves,teaches,cards,excellent,love,game,great,time,highly,games,best,thomas,challenge,gaming,math,enjoyed,happy,push,granddaughter,experience,stores,skills,everybody
fun,beat,loves,teaches,cards,excellent,love,game,great,time,highly,games,best,thomas,challenge,gaming,math,enjoyed,happy,push,granddaughter,experience,stores,skills,everybody
fun,beat,loves,teaches,cards,excellent,love,game,great,time,highly,games,best,thomas,challenge,gaming,math,enjoyed,happy,push,granddaughter,experience,stores,skills,everybody
fun,beat,loves,teaches,cards,excellent,love,game,great,time,highly,games,best,thomas,challenge,gaming,math,enjoyed,happy,push,granddaughter,experience,stores,skills,everybody
fun,beat,loves,teaches,cards,excellent,love,game,great,time,highly,games,best,thomas,challenge,gaming,math,enjoyed,happy,push,granddaughter,experience,stores,skills,everybody
fun,beat,loves,teaches,cards,excellent,love,game,great,time,highly,games,best,thomas,challenge,gaming,math,enjoyed,happy,push,granddaughter,experience,stores,skills,everybody
fun,beat,loves,teaches,cards,excellent,love,game,great,time,highly,games,best,thomas,challenge,gaming,math,enjoyed,happy,push,granddaughter,experience,stores,skills,everybody
fun,beat,loves,teaches,cards,excellent,love,game,great,time,highly,games,best,thomas,challenge,gaming,math,enjoyed,happy,push,granddaughter,experience,stores,skills,everybody
fun,beat,loves,teaches,cards,excellent,love,game,great,time,highly,games,best,thomas,challenge,gaming,math,enjoyed,happy,push,granddaughter,experience,stores,skills,everybody
fun,beat,loves,teaches,cards,excellent,love,game,great,time,highly,games,best,thomas,challenge,gaming,math,enjoyed,happy,push,granddaughter,experience,stores,skills,everybody
fun,beat,loves,teaches,cards,excellent,love,game,great,time,highly,games,best,thomas,challenge,gaming,math,enjoyed,happy,push,granddaughter,experience,stores,skills,everybody
fun,beat,loves,teaches,cards,excellent,love,game,great,time,highly,games,best,thomas,challenge,gaming,math,enjoyed,happy,push,granddaughter,experience,stores,skills,everybody
fun,beat,loves,teaches,cards,excellent,love,game,great,time,highly,games,best,thomas,challenge,gaming,math,enjoyed,happy,push,granddaughter,experience,stores,skills,everybody
fun,beat,loves,teaches,cards,excellent,love,game,great,time,highly,games,best,thomas,challenge,gaming,math,enjoyed,happy,push,granddaughter,experience,stores,skills,everybody
fun,beat,loves,teaches,cards,excellent,love,game,great,time,highly,games,best,thomas,challenge,gaming,math,enjoyed,happy,push,granddaughter,experience,stores,skills,everybody
fun,beat,loves,teaches,cards,excellent,love,game,great,time,highly,games,best,thomas,challenge,gaming,math,enjoyed,happy,push,granddaughter,experience,stores,skills,everybody
fun,beat,loves,teaches,cards,excellent,love,game,great,time,highly,games,best,thomas,challenge,gaming,math,enjoyed,happy,push,granddaughter,experience,stores,skills,everybody
fun,beat,loves,teaches,cards,excellent,love,game,great,time,highly,games,best,thomas,challenge,gaming,math,enjoyed,happy,push,granddaughter,experience,stores,skills,everybody
fun,beat,loves,teaches,cards,excellent,love,game,great,time,highly,games,best,thomas,challenge,gaming,math,enjoyed,happy,push,granddaughter,experience,stores,skills,everybody
fun,beat,loves,teaches,cards,excellent,love,game,great,time,highly,games,best,thomas,challenge,gaming,math,enjoyed,happy,push,granddaughter,experience,stores,skills,everybody
fun,beat,loves,teaches,cards,excellent,love,game,great,time,highly,games,best,thomas,challenge,gaming,math,enjoyed,happy,push,granddaughter,experience,stores,skills,everybody
fun,beat,loves,teaches,cards,excellent,love,game,great,time,highly,games,best,thomas,challenge,gaming,math,enjoyed,happy,push,granddaughter,experience,stores,skills,everybody
fun,beat,loves,teaches,cards,excellent,love,game,great,time,highly,games,best,thomas,challenge,gaming,math,enjoyed,happy,push,granddaughter,experience,stores,skills,everybody
fun,beat,loves,teaches,cards,excellent,love,game,great,time,highly,games,best,thomas,challenge,gaming,math,enjoyed,happy,push,granddaughter,experience,stores,skills,everybody
fun,beat,loves,teaches,cards,excellent,love,game,great,time,highly,games,best,thomas,challenge,gaming,math,enjoyed,happy,push,granddaughter,experience,stores,skills,everybody
fun,beat,loves,teaches,cards,excellent,love,game,great,time,highly,games,best,thomas,challenge,gaming,math,enjoyed,happy,push,granddaughter,experience,stores,skills,everybody
fun,beat,loves,teaches,cards,excellent,love,game,great,time,highly,games,best,thomas,challenge,gaming,math,enjoyed,happy,push,granddaughter,experience,stores,skills,everybody
fun,beat,loves,teaches,cards,excellent,love,game,great,time,highly,games,best,thomas,challenge,gaming,math,enjoyed,happy,push,granddaughter,experience,stores,skills,everybody
fun,beat,loves,teaches,cards,excellent,love,game,great,time,highly,games,best,thomas,challenge,gaming,math,enjoyed,happy,push,granddaughter,experience,stores,skills,everybody
fun,beat,loves,teaches,cards,excellent,love,game,great,time,highly,games,best,thomas,challenge,gaming,math,enjoyed,happy,push,granddaughter,experience,stores,skills,everybody
fun,beat,loves,teaches,cards,excellent,love,game,great,time,highly,games,best,thomas,challenge,gaming,math,enjoyed,happy,push,granddaughter,experience,stores,skills,everybody
fun,beat,loves,teaches,cards,excellent,love,game,great,time,highly,games,best,thomas,challenge,gaming,math,enjoyed,happy,push,granddaughter,experience,stores,skills,everybody
fun,beat,loves,teaches,cards,excellent,love,game,great,time,highly,games,best,thomas,challenge,gaming,math,enjoyed,happy,push,granddaughter,experience,stores,skills,everybody
fun,beat,loves,teaches,cards,excellent,love,game,great,time,highly,games,best,thomas,challenge,gaming,math,enjoyed,happy,push,granddaughter,experience,stores,skills,everybody
fun,beat,loves,teaches,cards,excellent,love,game,great,time,highly,games,best,thomas,challenge,gaming,math,enjoyed,happy,push,granddaughter,experience,stores,skills,everybody
fun,beat,loves,teaches,cards,excellent,love,game,great,time,highly,games,best,thomas,challenge,gaming,math,enjoyed,happy,push,granddaughter,experience,stores,skills,everybody
fun,beat,loves,teaches,cards,excellent,love,game,great,time,highly,games,best,thomas,challenge,gaming,math,enjoyed,happy,push,granddaughter,experience,stores,skills,everybody
fun,beat,loves,teaches,cards,excellent,love,game,great,time,highly,games,best,thomas,challenge,gaming,math,enjoyed,happy,push,granddaughter,experience,stores,skills,everybody
fun,beat,loves,teaches,cards,excellent,love,game,great,time,highly,games,best,thomas,challenge,gaming,math,enjoyed,happy,push,granddaughter,experience,stores,skills,everybody
fun,beat,loves,teaches,cards,excellent,love,game,great,time,highly,games,best,thomas,challenge,gaming,math,enjoyed,happy,push,granddaughter,experience,stores,skills,everybody
fun,beat,loves,teaches,cards,excellent,love,game,great,time,highly,games,best,thomas,challenge,gaming,math,enjoyed,happy,push,granddaughter,experience,stores,skills,everybody
fun,beat,loves,teaches,cards,excellent,love,game,great,time,highly,games,best,thomas,challenge,gaming,math,enjoyed,happy,push,granddaughter,experience,stores,skills,everybody
fun,beat,loves,teaches,cards,excellent,love,game,great,time,highly,games,best,thomas,challenge,gaming,math,enjoyed,happy,push,granddaughter,experience,stores,skills,everybody
fun,beat,loves,teaches,cards,excellent,love,game,great,time,highly,games,best,thomas,challenge,gaming,math,enjoyed,happy,push,granddaughter,experience,stores,skills,everybody
fun,beat,loves,teaches,cards,excellent,love,game,great,time,highly,games,best,thomas,challenge,gaming,math,enjoyed,happy,push,granddaughter,experience,stores,skills,everybody
fun,beat,loves,teaches,cards,excellent,love,game,great,time,highly,games,best,thomas,challenge,gaming,math,enjoyed,happy,push,granddaughter,experience,stores,skills,everybody
fun,beat,loves,teaches,cards,excellent,love,game,great,time,highly,games,best,thomas,challenge,gaming,math,enjoyed,happy,push,granddaughter,experience,stores,skills,everybody
and,great,the,came,everybody,is,game,playing,time,enjoyed,.
and,great,the,came,everybody,is,game,playing,time,enjoyed,.,push
and,great,the,came,everybody,is,game,playing,time,enjoyed,.,push
and,great,the,came,everybody,is,game,playing,time,enjoyed,.,push
and,highly,.,recommend,came,is,game,fun,time,enjoyed,excellent,lots,great,playing,ages,teaches,math,the,everybody,push,skills
and,highly,.,recommend,came,is,game,fun,time,enjoyed,excellent,lots,great,playing,ages,teaches,math,the,everybody,push,skills
and,highly,.,recommend,came,is,game,fun,time,enjoyed,excellent,lots,great,playing,ages,teaches,math,the,everybody,push,skills
and,highly,.,recommend,came,is,game,fun,time,enjoyed,excellent,lots,great,playing,ages,teaches,math,the,everybody,push,skills
and,highly,.,recommend,came,is,game,fun,time,enjoyed,excellent,lots,great,playing,ages,teaches,math,the,everybody,push,skills
and,highly,.,recommend,came,is,game,fun,time,enjoyed,excellent,lots,great,playing,ages,teaches,math,the,everybody,push,skills
and,highly,.,recommend,came,is,game,fun,time,enjoyed,excellent,lots,great,playing,ages,teaches,math,the,everybody,push,skills
and,highly,.,recommend,came,is,game,fun,time,enjoyed,excellent,lots,great,playing,ages,teaches,math,the,everybody,push,skills
and,highly,.,recommend,came,is,game,fun,time,enjoyed,excellent,lots,great,playing,ages,teaches,math,the,everybody,push,skills
and,highly,.,recommend,came,is,game,fun,time,enjoyed,excellent,lots,great,playing,ages,teaches,math,the,everybody,push,skills
and,highly,.,recommend,came,is,game,fun,time,enjoyed,excellent,lots,great,playing,ages,teaches,math,the,everybody,push,skills
and,highly,.,recommend,came,is,game,fun,time,enjoyed,excellent,lots,great,playing,ages,teaches,math,the,everybody,push,skills
and,highly,.,recommend,came,is,game,fun,time,enjoyed,excellent,lots,great,playing,ages,teaches,math,the,everybody,push,skills
and,highly,.,recommend,came,is,game,fun,time,enjoyed,excellent,lots,great,playing,ages,teaches,math,the,everybody,push,skills
and,highly,.,recommend,came,is,game,fun,time,enjoyed,excellent,lots,great,playing,ages,teaches,math,the,everybody,push,skills
and,highly,.,recommend,came,is,game,fun,time,enjoyed,excellent,lots,great,playing,ages,teaches,math,the,everybody,push,skills
and,highly,.,recommend,came,is,game,fun,time,enjoyed,excellent,lots,great,playing,ages,teaches,math,the,everybody,push,skills
and,highly,.,recommend,came,is,game,fun,time,enjoyed,excellent,lots,great,playing,ages,teaches,math,the,everybody,push,skills
and,highly,.,recommend,came,is,game,fun,time,enjoyed,excellent,lots,great,playing,ages,teaches,math,the,everybody,push,skills
and,highly,.,recommend,came,is,game,fun,time,enjoyed,excellent,lots,great,playing,ages,teaches,math,the,everybody,push,skills
and,highly,.,recommend,came,is,game,fun,time,enjoyed,excellent,lots,great,playing,ages,teaches,math,the,everybody,push,skills
and,highly,.,recommend,came,is,game,fun,time,enjoyed,excellent,lots,great,playing,ages,teaches,math,the,everybody,push,skills
and,highly,.,recommend,came,is,game,fun,time,enjoyed,excellent,lots,great,playing,ages,teaches,math,the,everybody,push,skills
and,highly,.,recommend,came,is,game,fun,time,enjoyed,excellent,lots,great,playing,ages,teaches,math,the,everybody,push,skills
and,highly,.,recommend,came,is,game,fun,time,enjoyed,excellent,lots,great,stores,playing,ages,teaches,math,the,everybody,push,skills
and,highly,.,recommend,came,is,game,fun,time,enjoyed,excellent,lots,great,stores,love,playing,ages,teaches,math,the,everybody,push,skills
and,highly,.,recommend,came,is,game,fun,time,enjoyed,excellent,lots,great,stores,love,playing,ages,teaches,math,the,everybody,push,skills
and,highly,.,recommend,came,is,game,fun,time,enjoyed,excellent,lots,great,stores,love,playing,ages,teaches,math,the,everybody,push,skills
and,highly,.,recommend,came,is,game,fun,time,enjoyed,excellent,lots,great,stores,love,playing,ages,teaches,math,the,everybody,push,skills
and,highly,.,recommend,came,is,game,fun,time,enjoyed,excellent,lots,great,stores,love,playing,ages,teaches,math,the,everybody,push,skills
and,highly,.,recommend,came,is,game,fun,time,enjoyed,excellent,lots,great,stores,love,playing,ages,teaches,math,the,everybody,push,skills
and,highly,.,recommend,came,is,game,fun,time,enjoyed,excellent,lots,great,stores,love,playing,ages,teaches,math,the,everybody,push,skills
and,highly,.,recommend,came,is,game,fun,time,enjoyed,excellent,lots,great,stores,love,playing,ages,teaches,math,the,everybody,push,skills
and,highly,.,recommend,came,is,game,fun,time,enjoyed,excellent,lots,great,stores,love,playing,ages,teaches,math,the,everybody,push,skills
and,highly,.,recommend,came,is,game,fun,time,enjoyed,excellent,lots,great,stores,love,playing,ages,teaches,math,the,everybody,push,skills
and,highly,.,recommend,came,is,game,fun,time,enjoyed,excellent,lots,great,stores,love,playing,ages,teaches,math,the,everybody,push,skills
and,highly,.,recommend,came,is,game,fun,time,enjoyed,excellent,lots,great,stores,love,playing,ages,teaches,math,the,everybody,push,skills
and,highly,.,recommend,came,is,game,fun,time,enjoyed,excellent,lots,great,stores,love,playing,ages,teaches,math,the,everybody,push,skills
and,highly,.,loves,recommend,came,is,game,fun,time,enjoyed,excellent,lots,great,stores,love,playing,ages,teaches,math,the,everybody,push,skills
and,highly,.,loves,recommend,came,is,game,fun,time,enjoyed,excellent,lots,great,stores,love,playing,ages,teaches,math,the,everybody,push,skills
and,highly,.,loves,recommend,came,is,game,fun,time,enjoyed,excellent,lots,great,stores,love,playing,ages,teaches,math,the,everybody,push,skills
and,highly,.,loves,recommend,came,is,game,fun,time,enjoyed,excellent,lots,great,stores,love,playing,ages,teaches,math,the,everybody,push,skills
and,highly,.,loves,recommend,came,is,game,fun,time,enjoyed,excellent,lots,great,stores,love,playing,ages,teaches,math,the,everybody,push,skills
and,highly,.,loves,recommend,came,is,game,fun,time,enjoyed,excellent,lots,great,stores,love,playing,ages,teaches,math,the,everybody,push,skills
and,highly,.,loves,recommend,came,is,game,fun,time,enjoyed,excellent,lots,great,stores,love,playing,ages,teaches,math,the,everybody,push,skills
and,highly,.,loves,recommend,came,is,game,fun,time,enjoyed,excellent,lots,great,stores,love,playing,ages,teaches,math,the,everybody,push,skills
and,highly,.,loves,recommend,came,is,game,fun,time,enjoyed,excellent,lots,great,stores,love,playing,ages,teaches,math,the,everybody,push,skills
and,highly,.,loves,recommend,came,is,game,fun,time,enjoyed,excellent,lots,great,stores,love,playing,ages,teaches,math,the,everybody,push,skills
and,highly,loves,recommend,came,experience,is,game,fun,time,enjoyed,excellent,lots,great,stores,love,playing,ages,teaches,math,gaming,the,everybody,push,skills
and,highly,loves,recommend,came,experience,is,game,fun,time,enjoyed,excellent,lots,great,stores,love,playing,ages,teaches,math,gaming,the,everybody,push,skills
and,highly,loves,recommend,came,experience,is,game,fun,time,enjoyed,excellent,lots,great,stores,love,playing,ages,teaches,math,gaming,the,everybody,push,skills
and,highly,loves,recommend,came,experience,is,game,fun,time,enjoyed,excellent,lots,great,stores,love,playing,ages,teaches,math,gaming,the,everybody,push,skills
and,highly,loves,recommend,came,experience,is,game,fun,time,enjoyed,excellent,lots,great,stores,love,playing,ages,teaches,math,gaming,the,everybody,push,skills
and,highly,loves,recommend,came,experience,is,game,fun,time,enjoyed,excellent,lots,great,stores,love,playing,ages,teaches,math,gaming,the,everybody,push,skills
and,highly,loves,recommend,came,experience,is,game,fun,time,enjoyed,excellent,lots,great,stores,love,playing,ages,teaches,math,gaming,the,everybody,push,skills
and,highly,loves,recommend,came,experience,is,game,fun,time,enjoyed,excellent,lots,great,stores,love,playing,ages,teaches,math,gaming,the,everybody,push,skills
and,highly,loves,recommend,came,experience,is,game,fun,time,enjoyed,excellent,lots,great,stores,love,playing,ages,teaches,math,gaming,the,everybody,push,skills
and,highly,loves,recommend,came,experience,is,game,fun,time,enjoyed,excellent,lots,great,stores,love,playing,ages,teaches,math,gaming,the,everybody,push,skills
and,highly,loves,recommend,came,experience,is,game,fun,time,enjoyed,excellent,lots,great,stores,love,playing,ages,teaches,math,gaming,the,everybody,push,skills
and,highly,loves,recommend,came,experience,is,game,fun,time,enjoyed,excellent,lots,great,stores,love,playing,ages,teaches,math,gaming,the,everybody,push,skills
and,highly,loves,recommend,came,experience,is,game,fun,time,enjoyed,excellent,lots,great,stores,love,playing,ages,teaches,math,gaming,the,everybody,push,skills
and,highly,loves,recommend,came,experience,is,game,fun,time,enjoyed,excellent,lots,great,stores,love,playing,ages,teaches,math,gaming,the,everybody,push,skills
and,highly,loves,recommend,came,experience,is,game,fun,time,enjoyed,excellent,lots,great,stores,love,playing,ages,teaches,math,gaming,the,everybody,push,skills
and,highly,loves,recommend,came,experience,is,game,fun,time,enjoyed,excellent,lots,great,stores,love,playing,ages,teaches,math,cards,gaming,everybody,push,skills
and,highly,loves,recommend,came,experience,is,game,fun,time,enjoyed,excellent,lots,great,stores,love,playing,ages,teaches,math,cards,gaming,everybody,push,skills
and,highly,loves,recommend,came,experience,is,game,fun,time,enjoyed,excellent,lots,great,stores,love,playing,ages,teaches,math,cards,gaming,everybody,push,skills
and,highly,loves,recommend,came,experience,is,game,fun,time,enjoyed,excellent,lots,great,stores,love,playing,ages,teaches,math,cards,gaming,everybody,push,skills
and,highly,loves,recommend,came,experience,is,game,fun,time,enjoyed,excellent,lots,great,stores,love,playing,ages,teaches,math,cards,gaming,everybody,push,skills
highly,loves,recommend,came,experience,game,fun,time,enjoyed,excellent,thomas,lots,great,stores,love,playing,ages,teaches,math,cards,my,gaming,everybody,push,skills
highly,loves,recommend,came,experience,game,fun,time,enjoyed,excellent,thomas,lots,great,stores,love,playing,ages,teaches,math,cards,gaming,everybody,push,skills,you
highly,loves,recommend,came,experience,game,fun,time,enjoyed,excellent,thomas,lots,great,stores,love,playing,ages,teaches,math,cards,gaming,everybody,push,skills,you
highly,loves,recommend,came,experience,game,fun,time,enjoyed,excellent,thomas,lots,great,stores,love,playing,ages,teaches,math,cards,gaming,everybody,push,skills,you
highly,loves,recommend,came,experience,game,fun,time,enjoyed,excellent,thomas,lots,great,stores,love,playing,ages,teaches,math,cards,gaming,everybody,push,skills,you
highly,loves,recommend,came,experience,game,fun,time,enjoyed,excellent,thomas,lots,great,stores,love,playing,ages,teaches,math,cards,gaming,everybody,push,skills,you
highly,loves,recommend,came,experience,game,fun,time,enjoyed,excellent,thomas,lots,great,stores,love,playing,ages,teaches,math,cards,gaming,everybody,push,skills,you
highly,loves,came,experience,game,fun,time,enjoyed,excellent,thomas,lots,great,stores,love,games,playing,ages,teaches,math,cards,gaming,everybody,push,skills,best
highly,loves,came,experience,game,fun,time,enjoyed,excellent,thomas,lots,great,stores,love,games,playing,ages,teaches,math,cards,gaming,everybody,push,skills,best
highly,year,loves,came,experience,game,fun,enjoyed,excellent,thomas,lots,great,stores,love,games,playing,ages,teaches,math,cards,gaming,everybody,push,skills,best
highly,year,loves,came,experience,game,fun,enjoyed,excellent,thomas,lots,great,stores,love,games,playing,ages,teaches,math,cards,gaming,everybody,push,skills,best
highly,granddaughter,loves,came,experience,cute,game,fun,enjoyed,excellent,thomas,lots,great,stores,love,games,ages,teaches,math,cards,gaming,everybody,push,skills,best
highly,granddaughter,loves,came,experience,cute,game,fun,enjoyed,excellent,thomas,lots,great,stores,love,games,ages,teaches,math,cards,gaming,everybody,push,skills,best
highly,granddaughter,loves,came,experience,cute,game,fun,enjoyed,excellent,thomas,lots,great,stores,love,games,ages,teaches,math,cards,gaming,everybody,push,skills,best
highly,granddaughter,loves,came,experience,game,fun,enjoyed,excellent,thomas,lots,great,stores,love,games,ages,teaches,beat,math,cards,gaming,everybody,push,skills,best
highly,granddaughter,loves,came,experience,game,fun,enjoyed,excellent,thomas,lots,great,stores,love,games,ages,teaches,beat,math,cards,gaming,everybody,push,skills,best
highly,granddaughter,loves,came,experience,game,fun,enjoyed,excellent,thomas,lots,great,stores,love,games,ages,teaches,beat,math,cards,gaming,everybody,push,skills,best
highly,granddaughter,loves,came,experience,game,fun,enjoyed,excellent,thomas,lots,great,stores,love,games,ages,teaches,beat,math,cards,gaming,everybody,push,skills,best
highly,granddaughter,loves,came,experience,game,fun,enjoyed,excellent,thomas,lots,great,stores,love,games,ages,teaches,beat,math,cards,gaming,everybody,push,skills,best
highly,granddaughter,loves,came,experience,game,fun,enjoyed,excellent,thomas,lots,great,stores,love,games,ages,teaches,beat,math,cards,gaming,everybody,push,skills,best
highly,loves,came,experience,game,fun,time,enjoyed,excellent,thomas,lots,great,stores,love,games,ages,teaches,beat,math,cards,gaming,everybody,push,skills,best
highly,loves,came,experience,game,fun,time,enjoyed,excellent,thomas,lots,great,stores,love,games,ages,teaches,beat,math,cards,gaming,everybody,push,skills,best
highly,loves,came,experience,game,fun,time,enjoyed,excellent,thomas,lots,great,stores,love,games,ages,teaches,beat,math,cards,gaming,everybody,push,skills,best
highly,loves,came,experience,game,fun,time,enjoyed,excellent,thomas,lots,great,stores,love,games,ages,teaches,beat,math,cards,gaming,everybody,push,skills,best
highly,loves,came,experience,game,fun,time,enjoyed,excellent,thomas,lots,great,stores,love,games,ages,teaches,beat,math,cards,gaming,everybody,push,skills,best
highly,loves,came,experience,game,fun,time,enjoyed,excellent,thomas,lots,great,stores,love,games,ages,teaches,beat,math,cards,gaming,everybody,push,skills,best
highly,loves,came,experience,game,fun,time,enjoyed,excellent,thomas,lots,great,stores,love,games,ages,teaches,beat,math,cards,gaming,everybody,push,skills,best
highly,loves,came,experience,game,fun,time,enjoyed,excellent,thomas,lots,great,stores,love,games,ages,teaches,beat,math,cards,gaming,everybody,push,skills,best
highly,loves,came,experience,game,fun,time,enjoyed,excellent,thomas,lots,great,stores,love,games,ages,teaches,beat,math,cards,gaming,everybody,push,skills,best
highly,loves,came,experience,game,fun,time,enjoyed,excellent,thomas,lots,great,stores,love,games,ages,teaches,beat,math,cards,gaming,everybody,push,skills,best
highly,loves,came,experience,game,fun,time,enjoyed,excellent,thomas,lots,great,stores,love,games,ages,teaches,beat,math,cards,gaming,everybody,push,skills,best
highly,loves,came,experience,game,fun,time,enjoyed,excellent,thomas,lots,great,stores,love,games,ages,teaches,beat,math,cards,gaming,everybody,push,skills,best
highly,loves,came,experience,game,fun,time,enjoyed,excellent,thomas,lots,great,stores,love,games,ages,teaches,beat,math,cards,gaming,everybody,push,skills,best
highly,loves,experience,game,challenge,fun,time,enjoyed,excellent,thomas,lots,great,stores,love,games,ages,teaches,beat,math,cards,gaming,everybody,push,skills,best
highly,loves,experience,game,challenge,fun,time,enjoyed,excellent,thomas,lots,great,stores,love,games,ages,teaches,beat,math,cards,gaming,everybody,push,skills,best
highly,loves,experience,game,challenge,fun,time,enjoyed,excellent,thomas,lots,great,stores,love,games,ages,teaches,beat,math,cards,gaming,everybody,push,skills,best
highly,loves,experience,game,challenge,fun,time,enjoyed,excellent,thomas,lots,great,stores,love,games,ages,teaches,beat,math,cards,gaming,everybody,push,skills,best
highly,loves,experience,game,challenge,fun,time,enjoyed,excellent,thomas,lots,great,stores,love,games,ages,teaches,beat,math,cards,gaming,everybody,push,skills,best
